nome_munic,codigo_ibge,dia,mes,datahora,casos,casos_novos,casos_pc,casos_mm7d,obitos,obitos_novos,obitos_pc,obitos_mm7d,letalidade,nome_ra,cod_ra,nome_drs,cod_drs,pop,pop_60,area,map_leg,map_leg_s,latitude,longitude,semana_epidem
São Paulo,3550308,25,2,2020-02-25,1,0,0.008424841,0,0,0,0,0,0,RM de São Paulo,10,Grande São Paulo,10,11869660,1853286,152111,<50,7,-23.5329,-46.6395,9
São Paulo,3550308,26,2,2020-02-26,1,0,0.008424841,0,0,0,0,0,0,RM de São Paulo,10,Grande São Paulo,10,11869660,1853286,152111,<50,7,-23.5329,-46.6395,9
São Paulo,3550308,27,2,2020-02-27,1,0,0.008424841,0,0,0,0,0,0,RM de São Paulo,10,Grande São Paulo,10,11869660,1853286,152111,<50,7,-23.5329,-46.6395,9
São Paulo,3550308,28,2,2020-02-28,2,1,0.01684968,0,0,0,0,0,0,RM de São Paulo,10,Grande São Paulo,10,11869660,1853286,152111,<50,7,-23.5329,-46.6395,9
São Paulo,3550308,29,2,2020-02-29,2,0,0.01684968,0,0,0,0,0,0,RM de São Paulo,10,Grande São Paulo,10,11869660,1853286,152111,<50,7,-23.5329,-46.6395,9
São Paulo,3550308,1,3,2020-03-01,2,0,0.01684968,0,0,0,0,0,0,RM de São Paulo,10,Grande São Paulo,10,11869660,1853286,152111,<50,7,-23.5329,-46.6395,10
São Paulo,3550308,2,3,2020-03-02,2,0,0.01684968,0.1428571,0,0,0,0,0,RM de São Paulo,10,Grande São Paulo,10,11869660,1853286,152111,<50,7,-23.5329,-46.6395,10
São Paulo,3550308,3,3,2020-03-03,2,0,0.01684968,0.1428571,0,0,0,0,0,RM de São Paulo,10,Grande São Paulo,10,11869660,1853286,152111,<50,7,-23.5329,-46.6395,10
São Paulo,3550308,4,3,2020-03-04,3,1,0.02527452,0.2857143,0,0,0,0,0,RM de São Paulo,10,Grande São Paulo,10,11869660,1853286,152111,<50,7,-23.5329,-46.6395,10
São Paulo,3550308,5,3,2020-03-05,6,3,0.05054905,0.7142857,0,0,0,0,0,RM de São Paulo,10,Grande São Paulo,10,11869660,1853286,152111,<50,7,-23.5329,-46.6395,10
São Paulo,3550308,6,3,2020-03-06,6,0,0.05054905,0.5714286,0,0,0,0,0,RM de São Paulo,10,Grande São Paulo,10,11869660,1853286,152111,<50,7,-23.5329,-46.6395,10
São Paulo,3550308,7,3,2020-03-07,12,6,0.1010981,1.4285714,0,0,0,0,0,RM de São Paulo,10,Grande São Paulo,10,11869660,1853286,152111,<50,7,-23.5329,-46.6395,10
São Paulo,3550308,8,3,2020-03-08,15,3,0.1263726,1.8571429,0,0,0,0,0,RM de São Paulo,10,Grande São Paulo,10,11869660,1853286,152111,<50,7,-23.5329,-46.6395,11
São Paulo,3550308,9,3,2020-03-09,15,0,0.1263726,1.8571429,0,0,0,0,0,RM de São Paulo,10,Grande São Paulo,10,11869660,1853286,152111,<50,7,-23.5329,-46.6395,11
São Paulo,3550308,10,3,2020-03-10,18,3,0.1516471,2.2857143,0,0,0,0,0,RM de São Paulo,10,Grande São Paulo,10,11869660,1853286,152111,<50,7,-23.5329,-46.6395,11
São Paulo,3550308,11,3,2020-03-11,29,11,0.2443204,3.7142857,0,0,0,0,0,RM de São Paulo,10,Grande São Paulo,10,11869660,1853286,152111,<50,7,-23.5329,-46.6395,11
São Paulo,3550308,12,3,2020-03-12,44,15,0.370693,5.4285714,0,0,0,0,0,RM de São Paulo,10,Grande São Paulo,10,11869660,1853286,152111,<50,7,-23.5329,-46.6395,11
São Paulo,3550308,13,3,2020-03-13,44,0,0.370693,5.4285714,0,0,0,0,0,RM de São Paulo,10,Grande São Paulo,10,11869660,1853286,152111,<50,7,-23.5329,-46.6395,11
São Paulo,3550308,14,3,2020-03-14,62,18,0.5223402,7.1428571,0,0,0,0,0,RM de São Paulo,10,Grande São Paulo,10,11869660,1853286,152111,<150,6,-23.5329,-46.6395,11
São Paulo,3550308,15,3,2020-03-15,62,0,0.5223402,6.7142857,0,0,0,0,0,RM de São Paulo,10,Grande São Paulo,10,11869660,1853286,152111,<150,6,-23.5329,-46.6395,12
São Paulo,3550308,16,3,2020-03-16,145,83,1.221602,18.5714286,0,0,0,0,0,RM de São Paulo,10,Grande São Paulo,10,11869660,1853286,152111,<150,6,-23.5329,-46.6395,12
São Paulo,3550308,17,3,2020-03-17,156,11,1.314275,19.7142857,1,1,0.008424841,0.1428571,0.0064102564,RM de São Paulo,10,Grande São Paulo,10,11869660,1853286,152111,<300,5,-23.5329,-46.6395,12
São Paulo,3550308,18,3,2020-03-18,214,58,1.802916,26.4285714,3,2,0.02527452,0.4285714,0.0140186916,RM de São Paulo,10,Grande São Paulo,10,11869660,1853286,152111,<300,5,-23.5329,-46.6395,12
São Paulo,3550308,19,3,2020-03-19,259,45,2.182034,30.7142857,5,2,0.04212421,0.7142857,0.0193050193,RM de São Paulo,10,Grande São Paulo,10,11869660,1853286,152111,<300,5,-23.5329,-46.6395,12
São Paulo,3550308,20,3,2020-03-20,306,47,2.578001,37.4285714,9,4,0.07582357,1.2857143,0.0294117647,RM de São Paulo,10,Grande São Paulo,10,11869660,1853286,152111,<600,4,-23.5329,-46.6395,12
São Paulo,3550308,21,3,2020-03-21,306,0,2.578001,34.8571429,9,0,0.07582357,1.2857143,0.0294117647,RM de São Paulo,10,Grande São Paulo,10,11869660,1853286,152111,<600,4,-23.5329,-46.6395,12
São Paulo,3550308,22,3,2020-03-22,306,0,2.578001,34.8571429,9,0,0.07582357,1.2857143,0.0294117647,RM de São Paulo,10,Grande São Paulo,10,11869660,1853286,152111,<600,4,-23.5329,-46.6395,13
São Paulo,3550308,23,3,2020-03-23,306,0,2.578001,23,9,0,0.07582357,1.2857143,0.0294117647,RM de São Paulo,10,Grande São Paulo,10,11869660,1853286,152111,<600,4,-23.5329,-46.6395,13
São Paulo,3550308,24,3,2020-03-24,306,0,2.578001,21.4285714,9,0,0.07582357,1.1428571,0.0294117647,RM de São Paulo,10,Grande São Paulo,10,11869660,1853286,152111,<600,4,-23.5329,-46.6395,13
São Paulo,3550308,25,3,2020-03-25,722,416,6.082735,72.5714286,44,35,0.370693,5.8571429,0.0609418283,RM de São Paulo,10,Grande São Paulo,10,11869660,1853286,152111,<1200,3,-23.5329,-46.6395,13
São Paulo,3550308,26,3,2020-03-26,899,177,7.573932,91.4285714,53,9,0.4465166,6.8571429,0.0589543938,RM de São Paulo,10,Grande São Paulo,10,11869660,1853286,152111,<1200,3,-23.5329,-46.6395,13
São Paulo,3550308,27,3,2020-03-27,1044,145,8.795534,105.4285714,62,9,0.5223402,7.5714286,0.0593869732,RM de São Paulo,10,Grande São Paulo,10,11869660,1853286,152111,<1200,3,-23.5329,-46.6395,13
São Paulo,3550308,28,3,2020-03-28,1044,0,8.795534,105.4285714,62,0,0.5223402,7.5714286,0.0593869732,RM de São Paulo,10,Grande São Paulo,10,11869660,1853286,152111,<1200,3,-23.5329,-46.6395,13
São Paulo,3550308,29,3,2020-03-29,1044,0,8.795534,105.4285714,62,0,0.5223402,7.5714286,0.0593869732,RM de São Paulo,10,Grande São Paulo,10,11869660,1853286,152111,<1200,3,-23.5329,-46.6395,14
São Paulo,3550308,30,3,2020-03-30,1233,189,10.38783,132.4285714,103,41,0.8677586,13.4285714,0.0835360908,RM de São Paulo,10,Grande São Paulo,10,11869660,1853286,152111,<5000,2,-23.5329,-46.6395,14
São Paulo,3550308,31,3,2020-03-31,1885,652,15.88083,225.5714286,121,18,1.019406,16,0.0641909814,RM de São Paulo,10,Grande São Paulo,10,11869660,1853286,152111,<5000,2,-23.5329,-46.6395,14
São Paulo,3550308,1,4,2020-04-01,2418,533,20.37127,242.2857143,144,23,1.213177,14.2857143,0.0595533499,RM de São Paulo,10,Grande São Paulo,10,11869660,1853286,152111,<5000,2,-23.5329,-46.6395,14
São Paulo,3550308,2,4,2020-04-02,2815,397,23.71593,273.7142857,164,20,1.381674,15.8571429,0.058259325,RM de São Paulo,10,Grande São Paulo,10,11869660,1853286,152111,<5000,2,-23.5329,-46.6395,14
São Paulo,3550308,3,4,2020-04-03,3202,387,26.97634,308.2857143,186,22,1.56702,17.7142857,0.0580886946,RM de São Paulo,10,Grande São Paulo,10,11869660,1853286,152111,<5000,2,-23.5329,-46.6395,14
São Paulo,3550308,4,4,2020-04-04,3496,294,29.45324,350.2857143,212,26,1.786066,21.4285714,0.0606407323,RM de São Paulo,10,Grande São Paulo,10,11869660,1853286,152111,<5000,2,-23.5329,-46.6395,14
São Paulo,3550308,5,4,2020-04-05,3612,116,30.43053,366.8571429,220,8,1.853465,22.5714286,0.0609080842,RM de São Paulo,10,Grande São Paulo,10,11869660,1853286,152111,<5000,2,-23.5329,-46.6395,15
São Paulo,3550308,6,4,2020-04-06,3754,142,31.62685,360.1428571,244,24,2.055661,20.1428571,0.0649973362,RM de São Paulo,10,Grande São Paulo,10,11869660,1853286,152111,<5000,2,-23.5329,-46.6395,15
São Paulo,3550308,7,4,2020-04-07,4258,504,35.87297,339,296,52,2.493753,25,0.0695162048,RM de São Paulo,10,Grande São Paulo,10,11869660,1853286,152111,<5000,2,-23.5329,-46.6395,15
São Paulo,3550308,8,4,2020-04-08,4947,689,41.67769,361.2857143,339,43,2.856021,27.8571429,0.0685263796,RM de São Paulo,10,Grande São Paulo,10,11869660,1853286,152111,<5000,2,-23.5329,-46.6395,15
São Paulo,3550308,9,4,2020-04-09,5477,530,46.14285,380.2857143,384,45,3.235139,31.4285714,0.0701113748,RM de São Paulo,10,Grande São Paulo,10,11869660,1853286,152111,>5000,1,-23.5329,-46.6395,15
São Paulo,3550308,10,4,2020-04-10,5982,505,50.3974,397.1428571,409,25,3.44576,31.8571429,0.068371782,RM de São Paulo,10,Grande São Paulo,10,11869660,1853286,152111,>5000,1,-23.5329,-46.6395,15
São Paulo,3550308,11,4,2020-04-11,6131,149,51.6527,376.4285714,422,13,3.555283,30,0.0688305334,RM de São Paulo,10,Grande São Paulo,10,11869660,1853286,152111,>5000,1,-23.5329,-46.6395,15
São Paulo,3550308,12,4,2020-04-12,6352,221,53.51459,391.4285714,445,23,3.749054,32.1428571,0.0700566751,RM de São Paulo,10,Grande São Paulo,10,11869660,1853286,152111,>5000,1,-23.5329,-46.6395,16
São Paulo,3550308,13,4,2020-04-13,6418,66,54.07063,380.5714286,456,11,3.841728,30.2857143,0.0710501714,RM de São Paulo,10,Grande São Paulo,10,11869660,1853286,152111,>5000,1,-23.5329,-46.6395,16
São Paulo,3550308,14,4,2020-04-14,6705,287,56.48856,349.5714286,512,56,4.313519,30.8571429,0.0763609247,RM de São Paulo,10,Grande São Paulo,10,11869660,1853286,152111,>5000,1,-23.5329,-46.6395,16
São Paulo,3550308,15,4,2020-04-15,7764,1059,65.41047,402.4285714,558,46,4.701061,31.2857143,0.07187017,RM de São Paulo,10,Grande São Paulo,10,11869660,1853286,152111,>5000,1,-23.5329,-46.6395,16
São Paulo,3550308,16,4,2020-04-16,7908,144,66.62364,347.2857143,603,45,5.080179,31.2857143,0.0762518968,RM de São Paulo,10,Grande São Paulo,10,11869660,1853286,152111,>5000,1,-23.5329,-46.6395,16
São Paulo,3550308,17,4,2020-04-17,8744,836,73.66681,394.5714286,643,40,5.417173,33.4285714,0.0735361391,RM de São Paulo,10,Grande São Paulo,10,11869660,1853286,152111,>5000,1,-23.5329,-46.6395,16
São Paulo,3550308,18,4,2020-04-18,9428,684,79.4294,471,686,43,5.779441,37.7142857,0.0727619856,RM de São Paulo,10,Grande São Paulo,10,11869660,1853286,152111,>5000,1,-23.5329,-46.6395,16
São Paulo,3550308,19,4,2020-04-19,9668,240,81.45136,473.7142857,700,14,5.897389,36.4285714,0.0724038064,RM de São Paulo,10,Grande São Paulo,10,11869660,1853286,152111,>5000,1,-23.5329,-46.6395,17
São Paulo,3550308,20,4,2020-04-20,9815,147,82.68982,485.2857143,715,15,6.023761,37,0.0728476821,RM de São Paulo,10,Grande São Paulo,10,11869660,1853286,152111,>5000,1,-23.5329,-46.6395,17
São Paulo,3550308,21,4,2020-04-21,10342,527,87.12971,519.5714286,753,38,6.343905,34.4285714,0.0728099014,RM de São Paulo,10,Grande São Paulo,10,11869660,1853286,152111,>5000,1,-23.5329,-46.6395,17
São Paulo,3550308,22,4,2020-04-22,10691,349,90.06998,418.1428571,778,25,6.554526,31.4285714,0.07277149,RM de São Paulo,10,Grande São Paulo,10,11869660,1853286,152111,>5000,1,-23.5329,-46.6395,17
São Paulo,3550308,23,4,2020-04-23,11225,534,94.56884,473.8571429,912,134,7.683455,44.1428571,0.081247216,RM de São Paulo,10,Grande São Paulo,10,11869660,1853286,152111,>5000,1,-23.5329,-46.6395,17
São Paulo,3550308,24,4,2020-04-24,11800,575,99.41313,436.5714286,1010,98,8.50909,52.4285714,0.0855932203,RM de São Paulo,10,Grande São Paulo,10,11869660,1853286,152111,>5000,1,-23.5329,-46.6395,17
São Paulo,3550308,25,4,2020-04-25,13098,1298,110.3486,524.2857143,1099,89,9.2589,59,0.0839059398,RM de São Paulo,10,Grande São Paulo,10,11869660,1853286,152111,>5000,1,-23.5329,-46.6395,17
São Paulo,3550308,26,4,2020-04-26,13513,415,113.8449,549.2857143,1114,15,9.385273,59.1428571,0.0824391327,RM de São Paulo,10,Grande São Paulo,10,11869660,1853286,152111,>5000,1,-23.5329,-46.6395,18
São Paulo,3550308,27,4,2020-04-27,13989,476,117.8551,596.2857143,1172,58,9.873914,65.2857143,0.0837801129,RM de São Paulo,10,Grande São Paulo,10,11869660,1853286,152111,>5000,1,-23.5329,-46.6395,18
São Paulo,3550308,28,4,2020-04-28,15397,1408,129.7173,722.1428571,1321,149,11.12922,81.1428571,0.0857959343,RM de São Paulo,10,Grande São Paulo,10,11869660,1853286,152111,>5000,1,-23.5329,-46.6395,18
São Paulo,3550308,29,4,2020-04-29,16638,1241,140.1725,849.5714286,1439,118,12.12335,94.4285714,0.0864887607,RM de São Paulo,10,Grande São Paulo,10,11869660,1853286,152111,>5000,1,-23.5329,-46.6395,18
São Paulo,3550308,30,4,2020-04-30,18149,1511,152.9024,989.1428571,1522,83,12.82261,87.1428571,0.0838613698,RM de São Paulo,10,Grande São Paulo,10,11869660,1853286,152111,>5000,1,-23.5329,-46.6395,18
São Paulo,3550308,1,5,2020-05-01,19087,938,160.8049,1041,1607,85,13.53872,85.2857143,0.0841934301,RM de São Paulo,10,Grande São Paulo,10,11869660,1853286,152111,>5000,1,-23.5329,-46.6395,18
São Paulo,3550308,2,5,2020-05-02,19494,407,164.2339,913.7142857,1661,54,13.99366,80.2857143,0.0852057043,RM de São Paulo,10,Grande São Paulo,10,11869660,1853286,152111,>5000,1,-23.5329,-46.6395,18
São Paulo,3550308,3,5,2020-05-03,19822,328,166.9972,901.2857143,1673,12,14.09476,79.8571429,0.0844011704,RM de São Paulo,10,Grande São Paulo,10,11869660,1853286,152111,>5000,1,-23.5329,-46.6395,19
São Paulo,3550308,4,5,2020-05-04,20073,251,169.1118,869.1428571,1683,10,14.17901,73,0.0838439695,RM de São Paulo,10,Grande São Paulo,10,11869660,1853286,152111,>5000,1,-23.5329,-46.6395,19
São Paulo,3550308,5,5,2020-05-05,21140,1067,178.1011,820.4285714,1801,118,15.17314,68.5714286,0.0851939451,RM de São Paulo,10,Grande São Paulo,10,11869660,1853286,152111,>5000,1,-23.5329,-46.6395,19
São Paulo,3550308,6,5,2020-05-06,23187,2047,195.3468,935.5714286,1910,109,16.09145,67.2857143,0.0823737439,RM de São Paulo,10,Grande São Paulo,10,11869660,1853286,152111,>5000,1,-23.5329,-46.6395,19
São Paulo,3550308,7,5,2020-05-07,24273,1086,204.4962,874.8571429,1986,76,16.73173,66.2857143,0.0818193054,RM de São Paulo,10,Grande São Paulo,10,11869660,1853286,152111,>5000,1,-23.5329,-46.6395,19
São Paulo,3550308,8,5,2020-05-08,25367,1094,213.7129,897.1428571,2110,124,17.77641,71.8571429,0.0831789333,RM de São Paulo,10,Grande São Paulo,10,11869660,1853286,152111,>5000,1,-23.5329,-46.6395,19
São Paulo,3550308,9,5,2020-05-09,26787,1420,225.6762,1041.8571429,2223,113,18.72842,80.2857143,0.0829880166,RM de São Paulo,10,Grande São Paulo,10,11869660,1853286,152111,>5000,1,-23.5329,-46.6395,19
São Paulo,3550308,10,5,2020-05-10,27307,520,230.0571,1069.2857143,2266,43,19.09069,84.7142857,0.0829823855,RM de São Paulo,10,Grande São Paulo,10,11869660,1853286,152111,>5000,1,-23.5329,-46.6395,20
São Paulo,3550308,11,5,2020-05-11,27771,464,233.9663,1099.7142857,2281,15,19.21706,85.4285714,0.0821360412,RM de São Paulo,10,Grande São Paulo,10,11869660,1853286,152111,>5000,1,-23.5329,-46.6395,20
São Paulo,3550308,12,5,2020-05-12,28682,911,241.6413,1077.4285714,2405,124,20.26174,86.2857143,0.0838504986,RM de São Paulo,10,Grande São Paulo,10,11869660,1853286,152111,>5000,1,-23.5329,-46.6395,20
São Paulo,3550308,13,5,2020-05-13,30402,1720,256.132,1030.7142857,2494,89,21.01155,83.4285714,0.0820340767,RM de São Paulo,10,Grande São Paulo,10,11869660,1853286,152111,>5000,1,-23.5329,-46.6395,20
São Paulo,3550308,14,5,2020-05-14,31873,1471,268.525,1085.7142857,2596,102,21.87089,87.1428571,0.0814482477,RM de São Paulo,10,Grande São Paulo,10,11869660,1853286,152111,>5000,1,-23.5329,-46.6395,20
São Paulo,3550308,15,5,2020-05-15,33992,2119,286.3772,1232.1428571,2674,78,22.52803,80.5714286,0.0786655684,RM de São Paulo,10,Grande São Paulo,10,11869660,1853286,152111,>5000,1,-23.5329,-46.6395,20
São Paulo,3550308,16,5,2020-05-16,35429,1437,298.4837,1234.5714286,2792,118,23.52216,81.2857143,0.0788054983,RM de São Paulo,10,Grande São Paulo,10,11869660,1853286,152111,>5000,1,-23.5329,-46.6395,20
São Paulo,3550308,17,5,2020-05-17,35931,502,302.713,1232,2835,43,23.88442,81.2857143,0.0789012274,RM de São Paulo,10,Grande São Paulo,10,11869660,1853286,152111,>5000,1,-23.5329,-46.6395,21
São Paulo,3550308,18,5,2020-05-18,36188,257,304.8782,1202.4285714,2856,21,24.06135,82.1428571,0.0789211893,RM de São Paulo,10,Grande São Paulo,10,11869660,1853286,152111,>5000,1,-23.5329,-46.6395,21
São Paulo,3550308,19,5,2020-05-19,37640,1452,317.111,1279.7142857,3029,173,25.51884,89.1428571,0.0804729012,RM de São Paulo,10,Grande São Paulo,10,11869660,1853286,152111,>5000,1,-23.5329,-46.6395,21
São Paulo,3550308,20,5,2020-05-20,39466,1826,332.4948,1294.8571429,3135,106,26.41188,91.5714286,0.0794354634,RM de São Paulo,10,Grande São Paulo,10,11869660,1853286,152111,>5000,1,-23.5329,-46.6395,21
São Paulo,3550308,21,5,2020-05-21,41451,1985,349.2181,1368.2857143,3238,103,27.27964,91.7142857,0.0781163301,RM de São Paulo,10,Grande São Paulo,10,11869660,1853286,152111,>5000,1,-23.5329,-46.6395,21
São Paulo,3550308,22,5,2020-05-22,42973,1522,362.0407,1283,3352,114,28.24007,96.8571429,0.0780024667,RM de São Paulo,10,Grande São Paulo,10,11869660,1853286,152111,>5000,1,-23.5329,-46.6395,21
São Paulo,3550308,23,5,2020-05-23,44887,1914,378.1658,1351.1428571,3491,139,29.41112,99.8571429,0.0777730746,RM de São Paulo,10,Grande São Paulo,10,11869660,1853286,152111,>5000,1,-23.5329,-46.6395,21
São Paulo,3550308,24,5,2020-05-24,45527,640,383.5577,1370.8571429,3534,43,29.77339,99.8571429,0.0776242669,RM de São Paulo,10,Grande São Paulo,10,11869660,1853286,152111,>5000,1,-23.5329,-46.6395,22
São Paulo,3550308,25,5,2020-05-25,46204,677,389.2614,1430.8571429,3555,21,29.95031,99.8571429,0.0769413904,RM de São Paulo,10,Grande São Paulo,10,11869660,1853286,152111,>5000,1,-23.5329,-46.6395,22
São Paulo,3550308,26,5,2020-05-26,47554,1350,400.6349,1416.2857143,3691,136,31.09609,94.5714286,0.0776170249,RM de São Paulo,10,Grande São Paulo,10,11869660,1853286,152111,>5000,1,-23.5329,-46.6395,22
São Paulo,3550308,27,5,2020-05-27,49264,1710,415.0414,1399.7142857,3826,135,32.23344,98.7142857,0.0776632023,RM de São Paulo,10,Grande São Paulo,10,11869660,1853286,152111,>5000,1,-23.5329,-46.6395,22
São Paulo,3550308,28,5,2020-05-28,52719,3455,444.1492,1609.7142857,3958,132,33.34552,102.8571429,0.0750772966,RM de São Paulo,10,Grande São Paulo,10,11869660,1853286,152111,>5000,1,-23.5329,-46.6395,22
São Paulo,3550308,29,5,2020-05-29,55741,3022,469.6091,1824,4116,158,34.67665,109.1428571,0.073841517,RM de São Paulo,10,Grande São Paulo,10,11869660,1853286,152111,>5000,1,-23.5329,-46.6395,22
São Paulo,3550308,30,5,2020-05-30,58619,2878,493.8558,1961.7142857,4239,123,35.7129,106.8571429,0.0723144373,RM de São Paulo,10,Grande São Paulo,10,11869660,1853286,152111,>5000,1,-23.5329,-46.6395,22
São Paulo,3550308,31,5,2020-05-31,60131,1512,506.5941,2086.2857143,4280,41,36.05832,106.5714286,0.0711779282,RM de São Paulo,10,Grande São Paulo,10,11869660,1853286,152111,>5000,1,-23.5329,-46.6395,23
São Paulo,3550308,1,6,2020-06-01,61126,995,514.9768,2131.7142857,4304,24,36.26052,107,0.070411936,RM de São Paulo,10,Grande São Paulo,10,11869660,1853286,152111,>5000,1,-23.5329,-46.6395,23
São Paulo,3550308,2,6,2020-06-02,64443,3317,542.922,2412.7142857,4443,139,37.43157,107.4285714,0.0689446488,RM de São Paulo,10,Grande São Paulo,10,11869660,1853286,152111,>5000,1,-23.5329,-46.6395,23
São Paulo,3550308,3,6,2020-06-03,66777,2334,562.5856,2501.8571429,4564,121,38.45098,105.4285714,0.0683468859,RM de São Paulo,10,Grande São Paulo,10,11869660,1853286,152111,>5000,1,-23.5329,-46.6395,23
São Paulo,3550308,4,6,2020-06-04,69347,2570,584.2375,2375.4285714,4675,111,39.38613,102.4285714,0.0674145962,RM de São Paulo,10,Grande São Paulo,10,11869660,1853286,152111,>5000,1,-23.5329,-46.6395,23
São Paulo,3550308,5,6,2020-06-05,71453,2106,601.9802,2244.5714286,4805,130,40.48136,98.4285714,0.0672470015,RM de São Paulo,10,Grande São Paulo,10,11869660,1853286,152111,>5000,1,-23.5329,-46.6395,23
São Paulo,3550308,6,6,2020-06-06,73861,2408,622.2672,2177.4285714,4901,96,41.29015,94.5714286,0.0663543683,RM de São Paulo,10,Grande São Paulo,10,11869660,1853286,152111,>5000,1,-23.5329,-46.6395,23
São Paulo,3550308,7,6,2020-06-07,74796,935,630.1444,2095,4920,19,41.45022,91.4285714,0.0657789187,RM de São Paulo,10,Grande São Paulo,10,11869660,1853286,152111,>5000,1,-23.5329,-46.6395,24
São Paulo,3550308,8,6,2020-06-08,75699,903,637.7521,2081.8571429,4937,17,41.59344,90.4285714,0.0652188272,RM de São Paulo,10,Grande São Paulo,10,11869660,1853286,152111,>5000,1,-23.5329,-46.6395,24
São Paulo,3550308,9,6,2020-06-09,78026,2327,657.3567,1940.4285714,5073,136,42.73922,90,0.0650167893,RM de São Paulo,10,Grande São Paulo,10,11869660,1853286,152111,>5000,1,-23.5329,-46.6395,24
São Paulo,3550308,10,6,2020-06-10,80457,2431,677.8374,1954.2857143,5232,159,44.07877,95.4285714,0.0650285246,RM de São Paulo,10,Grande São Paulo,10,11869660,1853286,152111,>5000,1,-23.5329,-46.6395,24
São Paulo,3550308,11,6,2020-06-11,83076,2619,699.9021,1961.2857143,5357,125,45.13187,97.4285714,0.0644831239,RM de São Paulo,10,Grande São Paulo,10,11869660,1853286,152111,>5000,1,-23.5329,-46.6395,24
São Paulo,3550308,12,6,2020-06-12,85622,2546,721.3517,2024.1428571,5480,123,46.16813,96.4285714,0.0640022424,RM de São Paulo,10,Grande São Paulo,10,11869660,1853286,152111,>5000,1,-23.5329,-46.6395,24
São Paulo,3550308,13,6,2020-06-13,88025,2403,741.5966,2023.4285714,5599,119,47.17069,99.7142857,0.0636069298,RM de São Paulo,10,Grande São Paulo,10,11869660,1853286,152111,>5000,1,-23.5329,-46.6395,24
São Paulo,3550308,14,6,2020-06-14,91198,3173,768.3287,2343.1428571,5623,24,47.37288,100.4285714,0.0616570539,RM de São Paulo,10,Grande São Paulo,10,11869660,1853286,152111,>5000,1,-23.5329,-46.6395,25
São Paulo,3550308,15,6,2020-06-15,93448,2250,787.2846,2535.5714286,5652,29,47.6172,102.1428571,0.0604828354,RM de São Paulo,10,Grande São Paulo,10,11869660,1853286,152111,>5000,1,-23.5329,-46.6395,25
São Paulo,3550308,16,6,2020-06-16,97676,4228,822.9048,2807.1428571,5819,167,49.02415,106.5714286,0.0595745117,RM de São Paulo,10,Grande São Paulo,10,11869660,1853286,152111,>5000,1,-23.5329,-46.6395,25
São Paulo,3550308,17,6,2020-06-17,98132,456,826.7465,2525,5959,140,50.20363,103.8571429,0.0607243305,RM de São Paulo,10,Grande São Paulo,10,11869660,1853286,152111,>5000,1,-23.5329,-46.6395,25
São Paulo,3550308,18,6,2020-06-18,98530,398,830.0996,2207.7142857,6097,138,51.36626,105.7142857,0.0618796306,RM de São Paulo,10,Grande São Paulo,10,11869660,1853286,152111,>5000,1,-23.5329,-46.6395,25
São Paulo,3550308,19,6,2020-06-19,105407,6877,888.0372,2826.4285714,6255,158,52.69738,110.7142857,0.05934141,RM de São Paulo,10,Grande São Paulo,10,11869660,1853286,152111,>5000,1,-23.5329,-46.6395,25
São Paulo,3550308,20,6,2020-06-20,105591,184,889.5874,2509.4285714,6371,116,53.67466,110.2857143,0.0603365817,RM de São Paulo,10,Grande São Paulo,10,11869660,1853286,152111,>5000,1,-23.5329,-46.6395,25
São Paulo,3550308,21,6,2020-06-21,106540,949,897.5826,2191.7142857,6387,16,53.80946,109.1428571,0.0599493148,RM de São Paulo,10,Grande São Paulo,10,11869660,1853286,152111,>5000,1,-23.5329,-46.6395,26
São Paulo,3550308,22,6,2020-06-22,107731,1191,907.6166,2040.4285714,6404,17,53.95268,107.4285714,0.0594443568,RM de São Paulo,10,Grande São Paulo,10,11869660,1853286,152111,>5000,1,-23.5329,-46.6395,26
São Paulo,3550308,23,6,2020-06-23,110214,2483,928.5354,1791.1428571,6583,179,55.46073,109.1428571,0.059729254,RM de São Paulo,10,Grande São Paulo,10,11869660,1853286,152111,>5000,1,-23.5329,-46.6395,26
São Paulo,3550308,24,6,2020-06-24,113261,3047,954.2059,2161.2857143,6675,92,56.23581,102.2857143,0.058934673,RM de São Paulo,10,Grande São Paulo,10,11869660,1853286,152111,>5000,1,-23.5329,-46.6395,26
São Paulo,3550308,25,6,2020-06-25,117311,4050,988.3265,2683,6794,119,57.23837,99.5714286,0.0579144326,RM de São Paulo,10,Grande São Paulo,10,11869660,1853286,152111,>5000,1,-23.5329,-46.6395,26
São Paulo,3550308,26,6,2020-06-26,121163,3852,1020.779,2250.8571429,6880,86,57.96291,89.2857143,0.0567830113,RM de São Paulo,10,Grande São Paulo,10,11869660,1853286,152111,>5000,1,-23.5329,-46.6395,26
São Paulo,3550308,27,6,2020-06-27,122759,1596,1034.225,2452.5714286,6982,102,58.82224,87.2857143,0.056875667,RM de São Paulo,10,Grande São Paulo,10,11869660,1853286,152111,>5000,1,-23.5329,-46.6395,26
São Paulo,3550308,28,6,2020-06-28,124105,1346,1045.565,2509.2857143,7003,21,58.99916,88,0.0564280247,RM de São Paulo,10,Grande São Paulo,10,11869660,1853286,152111,>5000,1,-23.5329,-46.6395,27
São Paulo,3550308,29,6,2020-06-29,125012,907,1053.206,2468.7142857,7026,23,59.19293,88.8571429,0.0562026045,RM de São Paulo,10,Grande São Paulo,10,11869660,1853286,152111,>5000,1,-23.5329,-46.6395,27
São Paulo,3550308,30,6,2020-06-30,127119,2107,1070.957,2415,7162,136,60.33871,82.7142857,0.0563409089,RM de São Paulo,10,Grande São Paulo,10,11869660,1853286,152111,>5000,1,-23.5329,-46.6395,27
São Paulo,3550308,1,7,2020-07-01,129328,2209,1089.568,2295.2857143,7258,96,61.1475,83.2857143,0.056120871,RM de São Paulo,10,Grande São Paulo,10,11869660,1853286,152111,>5000,1,-23.5329,-46.6395,27
São Paulo,3550308,2,7,2020-07-02,134984,5656,1137.219,2524.7142857,7370,112,62.09108,82.2857143,0.0545990636,RM de São Paulo,10,Grande São Paulo,10,11869660,1853286,152111,>5000,1,-23.5329,-46.6395,27
São Paulo,3550308,3,7,2020-07-03,137074,2090,1154.827,2273,7479,109,63.00939,85.5714286,0.0545617696,RM de São Paulo,10,Grande São Paulo,10,11869660,1853286,152111,>5000,1,-23.5329,-46.6395,27
São Paulo,3550308,4,7,2020-07-04,137762,688,1160.623,2143.2857143,7597,118,64.00352,87.8571429,0.0551458312,RM de São Paulo,10,Grande São Paulo,10,11869660,1853286,152111,>5000,1,-23.5329,-46.6395,27
São Paulo,3550308,5,7,2020-07-05,139871,2109,1178.391,2252.2857143,7621,24,64.20571,88.2857143,0.0544859192,RM de São Paulo,10,Grande São Paulo,10,11869660,1853286,152111,>5000,1,-23.5329,-46.6395,28
São Paulo,3550308,6,7,2020-07-06,140231,360,1181.424,2174.1428571,7634,13,64.31524,86.8571429,0.0544387475,RM de São Paulo,10,Grande São Paulo,10,11869660,1853286,152111,>5000,1,-23.5329,-46.6395,28
São Paulo,3550308,7,7,2020-07-07,142502,2271,1200.557,2197.5714286,7743,109,65.23355,83,0.0543360795,RM de São Paulo,10,Grande São Paulo,10,11869660,1853286,152111,>5000,1,-23.5329,-46.6395,28
São Paulo,3550308,8,7,2020-07-08,144573,2071,1218.005,2177.8571429,7864,121,66.25295,86.5714286,0.0543946657,RM de São Paulo,10,Grande São Paulo,10,11869660,1853286,152111,>5000,1,-23.5329,-46.6395,28
São Paulo,3550308,9,7,2020-07-09,146739,2166,1236.253,1679.2857143,7964,100,67.09543,84.8571429,0.0542732334,RM de São Paulo,10,Grande São Paulo,10,11869660,1853286,152111,>5000,1,-23.5329,-46.6395,28
São Paulo,3550308,10,7,2020-07-10,149431,2692,1258.932,1765.2857143,8089,125,68.14854,87.1428571,0.0541320074,RM de São Paulo,10,Grande São Paulo,10,11869660,1853286,152111,>5000,1,-23.5329,-46.6395,28
São Paulo,3550308,11,7,2020-07-11,151365,1934,1275.226,1943.2857143,8176,87,68.8815,82.7142857,0.054015129,RM de São Paulo,10,Grande São Paulo,10,11869660,1853286,152111,>5000,1,-23.5329,-46.6395,28
São Paulo,3550308,12,7,2020-07-12,152806,1441,1287.366,1847.8571429,8212,36,69.1848,84.4285714,0.0537413452,RM de São Paulo,10,Grande São Paulo,10,11869660,1853286,152111,>5000,1,-23.5329,-46.6395,29
São Paulo,3550308,13,7,2020-07-13,154013,1207,1297.535,1968.8571429,8231,19,69.34487,85.2857143,0.0534435405,RM de São Paulo,10,Grande São Paulo,10,11869660,1853286,152111,>5000,1,-23.5329,-46.6395,29
São Paulo,3550308,14,7,2020-07-14,158802,4789,1337.882,2328.5714286,8336,105,70.22948,84.7142857,0.0524930416,RM de São Paulo,10,Grande São Paulo,10,11869660,1853286,152111,>5000,1,-23.5329,-46.6395,29
São Paulo,3550308,15,7,2020-07-15,160326,1524,1350.721,2250.4285714,8451,115,71.19833,83.8571429,0.0527113506,RM de São Paulo,10,Grande São Paulo,10,11869660,1853286,152111,>5000,1,-23.5329,-46.6395,29
São Paulo,3550308,16,7,2020-07-16,162242,1916,1366.863,2214.7142857,8585,134,72.32726,88.7142857,0.0529147816,RM de São Paulo,10,Grande São Paulo,10,11869660,1853286,152111,>5000,1,-23.5329,-46.6395,29
São Paulo,3550308,17,7,2020-07-17,163624,1382,1378.506,2027.5714286,8696,111,73.26242,86.7142857,0.0531462377,RM de São Paulo,10,Grande São Paulo,10,11869660,1853286,152111,>5000,1,-23.5329,-46.6395,29
São Paulo,3550308,18,7,2020-07-18,165094,1470,1390.891,1961.2857143,8770,74,73.88586,84.8571429,0.0531212521,RM de São Paulo,10,Grande São Paulo,10,11869660,1853286,152111,>5000,1,-23.5329,-46.6395,29
São Paulo,3550308,19,7,2020-07-19,166073,979,1399.139,1895.2857143,8778,8,73.95326,80.8571429,0.052856274,RM de São Paulo,10,Grande São Paulo,10,11869660,1853286,152111,>5000,1,-23.5329,-46.6395,30
São Paulo,3550308,20,7,2020-07-20,166348,275,1401.455,1762.1428571,8799,21,74.13018,81.1428571,0.0528951355,RM de São Paulo,10,Grande São Paulo,10,11869660,1853286,152111,>5000,1,-23.5329,-46.6395,30
São Paulo,3550308,21,7,2020-07-21,167801,1453,1413.697,1285.5714286,8920,121,75.14958,83.4285714,0.0531582053,RM de São Paulo,10,Grande São Paulo,10,11869660,1853286,152111,>5000,1,-23.5329,-46.6395,30
São Paulo,3550308,22,7,2020-07-22,171119,3318,1441.65,1541.8571429,9025,105,76.03419,82,0.0527410749,RM de São Paulo,10,Grande São Paulo,10,11869660,1853286,152111,>5000,1,-23.5329,-46.6395,30
São Paulo,3550308,23,7,2020-07-23,173710,2591,1463.479,1638.2857143,9098,73,76.6492,73.2857143,0.0523746474,RM de São Paulo,10,Grande São Paulo,10,11869660,1853286,152111,>5000,1,-23.5329,-46.6395,30
São Paulo,3550308,24,7,2020-07-24,176190,2480,1484.373,1795.1428571,9156,58,77.13785,65.7142857,0.0519666269,RM de São Paulo,10,Grande São Paulo,10,11869660,1853286,152111,>5000,1,-23.5329,-46.6395,30
São Paulo,3550308,25,7,2020-07-25,179115,2925,1509.015,2003,9205,49,77.55066,62.1428571,0.0513915641,RM de São Paulo,10,Grande São Paulo,10,11869660,1853286,152111,>5000,1,-23.5329,-46.6395,30
São Paulo,3550308,26,7,2020-07-26,179777,662,1514.593,1957.7142857,9222,17,77.69389,63.4285714,0.0512968845,RM de São Paulo,10,Grande São Paulo,10,11869660,1853286,152111,>5000,1,-23.5329,-46.6395,31
São Paulo,3550308,27,7,2020-07-27,182027,2250,1533.549,2239.8571429,9241,19,77.85396,63.1428571,0.0507671939,RM de São Paulo,10,Grande São Paulo,10,11869660,1853286,152111,>5000,1,-23.5329,-46.6395,31
São Paulo,3550308,28,7,2020-07-28,185708,3681,1564.56,2558.1428571,9318,77,78.50267,56.8571429,0.0501755444,RM de São Paulo,10,Grande São Paulo,10,11869660,1853286,152111,>5000,1,-23.5329,-46.6395,31
São Paulo,3550308,29,7,2020-07-29,188827,3119,1590.837,2529.7142857,9396,78,79.15981,53,0.0497598331,RM de São Paulo,10,Grande São Paulo,10,11869660,1853286,152111,>5000,1,-23.5329,-46.6395,31
São Paulo,3550308,30,7,2020-07-30,193684,4857,1631.757,2853.4285714,9470,74,79.78325,53.1428571,0.0488940749,RM de São Paulo,10,Grande São Paulo,10,11869660,1853286,152111,>5000,1,-23.5329,-46.6395,31
São Paulo,3550308,31,7,2020-07-31,197560,3876,1664.412,3052.8571429,9549,79,80.44881,56.1428571,0.0483346831,RM de São Paulo,10,Grande São Paulo,10,11869660,1853286,152111,>5000,1,-23.5329,-46.6395,31
São Paulo,3550308,1,8,2020-08-01,199674,2114,1682.222,2937,9619,70,81.03855,59.1428571,0.0481735228,RM de São Paulo,10,Grande São Paulo,10,11869660,1853286,152111,>5000,1,-23.5329,-46.6395,31
São Paulo,3550308,2,8,2020-08-02,200444,770,1688.709,2952.4285714,9634,15,81.16492,58.8571429,0.0480632995,RM de São Paulo,10,Grande São Paulo,10,11869660,1853286,152111,>5000,1,-23.5329,-46.6395,32
São Paulo,3550308,3,8,2020-08-03,200705,261,1690.908,2668.2857143,9644,10,81.24917,57.5714286,0.0480506216,RM de São Paulo,10,Grande São Paulo,10,11869660,1853286,152111,>5000,1,-23.5329,-46.6395,32
São Paulo,3550308,4,8,2020-08-04,203279,2574,1712.593,2510.1428571,9702,58,81.73781,54.8571429,0.0477275075,RM de São Paulo,10,Grande São Paulo,10,11869660,1853286,152111,>5000,1,-23.5329,-46.6395,32
São Paulo,3550308,5,8,2020-08-05,206102,2823,1736.377,2467.8571429,9806,104,82.61399,58.5714286,0.0475783835,RM de São Paulo,10,Grande São Paulo,10,11869660,1853286,152111,>5000,1,-23.5329,-46.6395,32
São Paulo,3550308,6,8,2020-08-06,209559,3457,1765.501,2267.8571429,9909,103,83.48175,62.7142857,0.0472850128,RM de São Paulo,10,Grande São Paulo,10,11869660,1853286,152111,>5000,1,-23.5329,-46.6395,32
São Paulo,3550308,7,8,2020-08-07,211469,1910,1781.593,1987,10012,103,84.34951,66.1428571,0.0473450009,RM de São Paulo,10,Grande São Paulo,10,11869660,1853286,152111,>5000,1,-23.5329,-46.6395,32
São Paulo,3550308,8,8,2020-08-08,213507,2038,1798.763,1976.1428571,10085,73,84.96452,66.5714286,0.0472349853,RM de São Paulo,10,Grande São Paulo,10,11869660,1853286,152111,>5000,1,-23.5329,-46.6395,32
São Paulo,3550308,9,8,2020-08-09,214094,587,1803.708,1950,10099,14,85.08247,66.4285714,0.0471708689,RM de São Paulo,10,Grande São Paulo,10,11869660,1853286,152111,>5000,1,-23.5329,-46.6395,33
São Paulo,3550308,10,8,2020-08-10,214329,235,1805.688,1946.2857143,10107,8,85.14987,66.1428571,0.0471564744,RM de São Paulo,10,Grande São Paulo,10,11869660,1853286,152111,>5000,1,-23.5329,-46.6395,33
São Paulo,3550308,11,8,2020-08-11,217244,2915,1830.246,1995,10221,114,86.1103,74.1428571,0.0470484801,RM de São Paulo,10,Grande São Paulo,10,11869660,1853286,152111,>5000,1,-23.5329,-46.6395,33
São Paulo,3550308,12,8,2020-08-12,224140,6896,1888.344,2576.8571429,10311,90,86.86854,72.1428571,0.0460024984,RM de São Paulo,10,Grande São Paulo,10,11869660,1853286,152111,>5000,1,-23.5329,-46.6395,33
São Paulo,3550308,13,8,2020-08-13,231203,7063,1947.849,3092,10453,142,88.06486,77.7142857,0.0452113511,RM de São Paulo,10,Grande São Paulo,10,11869660,1853286,152111,>5000,1,-23.5329,-46.6395,33
São Paulo,3550308,14,8,2020-08-14,233987,2784,1971.303,3216.8571429,10563,110,88.9916,78.7142857,0.0451435336,RM de São Paulo,10,Grande São Paulo,10,11869660,1853286,152111,>5000,1,-23.5329,-46.6395,33
São Paulo,3550308,15,8,2020-08-15,235519,1532,1984.21,3144.5714286,10592,29,89.23592,72.4285714,0.044973017,RM de São Paulo,10,Grande São Paulo,10,11869660,1853286,152111,>5000,1,-23.5329,-46.6395,33
São Paulo,3550308,16,8,2020-08-16,235866,347,1987.134,3110.2857143,10605,13,89.34544,72.2857143,0.0449619699,RM de São Paulo,10,Grande São Paulo,10,11869660,1853286,152111,>5000,1,-23.5329,-46.6395,34
São Paulo,3550308,17,8,2020-08-17,236163,297,1989.636,3119.1428571,10625,20,89.51394,74,0.0449901128,RM de São Paulo,10,Grande São Paulo,10,11869660,1853286,152111,>5000,1,-23.5329,-46.6395,34
São Paulo,3550308,18,8,2020-08-18,237934,1771,2004.556,2955.7142857,10700,75,90.1458,68.4285714,0.044970454,RM de São Paulo,10,Grande São Paulo,10,11869660,1853286,152111,>5000,1,-23.5329,-46.6395,34
São Paulo,3550308,19,8,2020-08-19,240115,2181,2022.931,2282.1428571,10761,61,90.65972,64.2857143,0.0448160257,RM de São Paulo,10,Grande São Paulo,10,11869660,1853286,152111,>5000,1,-23.5329,-46.6395,34
São Paulo,3550308,20,8,2020-08-20,241764,1649,2036.823,1508.7142857,10863,102,91.51905,58.5714286,0.044932248,RM de São Paulo,10,Grande São Paulo,10,11869660,1853286,152111,>5000,1,-23.5329,-46.6395,34
São Paulo,3550308,21,8,2020-08-21,242589,825,2043.774,1228.8571429,10936,73,92.13406,53.2857143,0.0450803623,RM de São Paulo,10,Grande São Paulo,10,11869660,1853286,152111,>5000,1,-23.5329,-46.6395,34
São Paulo,3550308,22,8,2020-08-22,246492,3903,2076.656,1567.5714286,11003,67,92.69853,58.7142857,0.0446383655,RM de São Paulo,10,Grande São Paulo,10,11869660,1853286,152111,>5000,1,-23.5329,-46.6395,34
São Paulo,3550308,23,8,2020-08-23,247403,911,2084.331,1648.1428571,11023,20,92.86702,59.7142857,0.0445548356,RM de São Paulo,10,Grande São Paulo,10,11869660,1853286,152111,>5000,1,-23.5329,-46.6395,35
São Paulo,3550308,24,8,2020-08-24,247730,327,2087.086,1652.4285714,11031,8,92.93442,58,0.0445283171,RM de São Paulo,10,Grande São Paulo,10,11869660,1853286,152111,>5000,1,-23.5329,-46.6395,35
São Paulo,3550308,25,8,2020-08-25,250171,2441,2107.651,1748.1428571,11141,110,93.86116,63,0.0445335391,RM de São Paulo,10,Grande São Paulo,10,11869660,1853286,152111,>5000,1,-23.5329,-46.6395,35
São Paulo,3550308,26,8,2020-08-26,252063,1892,2123.591,1706.8571429,11215,74,94.48459,64.8571429,0.044492845,RM de São Paulo,10,Grande São Paulo,10,11869660,1853286,152111,>5000,1,-23.5329,-46.6395,35
São Paulo,3550308,27,8,2020-08-27,254146,2083,2141.14,1768.8571429,11278,63,95.01536,59.2857143,0.0443760673,RM de São Paulo,10,Grande São Paulo,10,11869660,1853286,152111,>5000,1,-23.5329,-46.6395,35
São Paulo,3550308,28,8,2020-08-28,256511,2365,2161.064,1988.8571429,11344,66,95.5714,58.2857143,0.0442242243,RM de São Paulo,10,Grande São Paulo,10,11869660,1853286,152111,>5000,1,-23.5329,-46.6395,35
São Paulo,3550308,29,8,2020-08-29,257528,1017,2169.632,1576.5714286,11398,54,96.02634,56.4285714,0.044259265,RM de São Paulo,10,Grande São Paulo,10,11869660,1853286,152111,>5000,1,-23.5329,-46.6395,35
São Paulo,3550308,30,8,2020-08-30,257778,250,2171.739,1482.1428571,11400,2,96.04319,53.8571429,0.0442240998,RM de São Paulo,10,Grande São Paulo,10,11869660,1853286,152111,>5000,1,-23.5329,-46.6395,36
São Paulo,3550308,31,8,2020-08-31,257949,171,2173.179,1459.8571429,11408,8,96.11059,53.8571429,0.0442257966,RM de São Paulo,10,Grande São Paulo,10,11869660,1853286,152111,>5000,1,-23.5329,-46.6395,36
São Paulo,3550308,1,9,2020-09-01,260991,3042,2198.808,1545.7142857,11478,70,96.70033,48.1428571,0.043978528,RM de São Paulo,10,Grande São Paulo,10,11869660,1853286,152111,>5000,1,-23.5329,-46.6395,36
São Paulo,3550308,2,9,2020-09-02,262570,1579,2212.111,1501,11554,76,97.34061,48.4285714,0.0440035038,RM de São Paulo,10,Grande São Paulo,10,11869660,1853286,152111,>5000,1,-23.5329,-46.6395,36
São Paulo,3550308,3,9,2020-09-03,265066,2496,2233.139,1560,11611,57,97.82083,47.5714286,0.0438041846,RM de São Paulo,10,Grande São Paulo,10,11869660,1853286,152111,>5000,1,-23.5329,-46.6395,36
São Paulo,3550308,4,9,2020-09-04,266232,1166,2242.962,1388.7142857,11666,55,98.2842,46,0.0438189248,RM de São Paulo,10,Grande São Paulo,10,11869660,1853286,152111,>5000,1,-23.5329,-46.6395,36
São Paulo,3550308,5,9,2020-09-05,267477,1245,2253.451,1421.2857143,11717,51,98.71386,45.5714286,0.0438056356,RM de São Paulo,10,Grande São Paulo,10,11869660,1853286,152111,>5000,1,-23.5329,-46.6395,36
São Paulo,3550308,6,9,2020-09-06,267767,290,2255.894,1427,11731,14,98.83181,47.2857143,0.043810477,RM de São Paulo,10,Grande São Paulo,10,11869660,1853286,152111,>5000,1,-23.5329,-46.6395,37
São Paulo,3550308,7,9,2020-09-07,267926,159,2257.234,1425.2857143,11735,4,98.86551,46.7142857,0.0437994073,RM de São Paulo,10,Grande São Paulo,10,11869660,1853286,152111,>5000,1,-23.5329,-46.6395,37
São Paulo,3550308,8,9,2020-09-08,268347,421,2260.781,1050.8571429,11740,5,98.90764,37.4285714,0.0437493246,RM de São Paulo,10,Grande São Paulo,10,11869660,1853286,152111,>5000,1,-23.5329,-46.6395,37
São Paulo,3550308,9,9,2020-09-09,270000,1653,2274.707,1061.4285714,11856,116,99.88492,43.1428571,0.0439111111,RM de São Paulo,10,Grande São Paulo,10,11869660,1853286,152111,>5000,1,-23.5329,-46.6395,37
São Paulo,3550308,10,9,2020-09-10,271505,1505,2287.386,919.8571429,11933,77,100.5336,46,0.0439513084,RM de São Paulo,10,Grande São Paulo,10,11869660,1853286,152111,>5000,1,-23.5329,-46.6395,37
São Paulo,3550308,11,9,2020-09-11,272857,1352,2298.777,946.4285714,12003,70,101.1234,48.1428571,0.0439900754,RM de São Paulo,10,Grande São Paulo,10,11869660,1853286,152111,>5000,1,-23.5329,-46.6395,37
São Paulo,3550308,12,9,2020-09-12,274173,1316,2309.864,956.5714286,12048,45,101.5025,47.2857143,0.0439430579,RM de São Paulo,10,Grande São Paulo,10,11869660,1853286,152111,>5000,1,-23.5329,-46.6395,37
São Paulo,3550308,13,9,2020-09-13,274467,294,2312.341,957.1428571,12057,9,101.5783,46.5714286,0.0439287783,RM de São Paulo,10,Grande São Paulo,10,11869660,1853286,152111,>5000,1,-23.5329,-46.6395,38
São Paulo,3550308,14,9,2020-09-14,274740,273,2314.641,973.4285714,12068,11,101.671,47.5714286,0.0439251656,RM de São Paulo,10,Grande São Paulo,10,11869660,1853286,152111,>5000,1,-23.5329,-46.6395,38
São Paulo,3550308,15,9,2020-09-15,276241,1501,2327.287,1127.7142857,12128,60,102.1765,55.4285714,0.0439036928,RM de São Paulo,10,Grande São Paulo,10,11869660,1853286,152111,>5000,1,-23.5329,-46.6395,38
São Paulo,3550308,16,9,2020-09-16,277683,1442,2339.435,1097.5714286,12213,85,102.8926,51,0.0439818066,RM de São Paulo,10,Grande São Paulo,10,11869660,1853286,152111,>5000,1,-23.5329,-46.6395,38
São Paulo,3550308,17,9,2020-09-17,279193,1510,2352.157,1098.2857143,12266,53,103.3391,47.5714286,0.0439337662,RM de São Paulo,10,Grande São Paulo,10,11869660,1853286,152111,>5000,1,-23.5329,-46.6395,38
São Paulo,3550308,18,9,2020-09-18,280774,1581,2365.476,1131,12308,42,103.6929,43.5714286,0.0438359677,RM de São Paulo,10,Grande São Paulo,10,11869660,1853286,152111,>5000,1,-23.5329,-46.6395,38
São Paulo,3550308,19,9,2020-09-19,282217,1443,2377.633,1149.1428571,12376,68,104.2658,46.8571429,0.04385278,RM de São Paulo,10,Grande São Paulo,10,11869660,1853286,152111,>5000,1,-23.5329,-46.6395,38
São Paulo,3550308,20,9,2020-09-20,282498,281,2380.001,1147.2857143,12380,4,104.2995,46.1428571,0.0438233191,RM de São Paulo,10,Grande São Paulo,10,11869660,1853286,152111,>5000,1,-23.5329,-46.6395,39
São Paulo,3550308,21,9,2020-09-21,282726,228,2381.922,1140.8571429,12384,4,104.3332,45.1428571,0.0438021264,RM de São Paulo,10,Grande São Paulo,10,11869660,1853286,152111,>5000,1,-23.5329,-46.6395,39
São Paulo,3550308,22,9,2020-09-22,284252,1526,2394.778,1144.4285714,12428,44,104.7039,42.8571429,0.043721768,RM de São Paulo,10,Grande São Paulo,10,11869660,1853286,152111,>5000,1,-23.5329,-46.6395,39
São Paulo,3550308,23,9,2020-09-23,285475,1223,2405.082,1113.1428571,12478,50,105.1252,37.8571429,0.0437096068,RM de São Paulo,10,Grande São Paulo,10,11869660,1853286,152111,>5000,1,-23.5329,-46.6395,39
São Paulo,3550308,24,9,2020-09-24,286862,1387,2416.767,1095.5714286,12504,26,105.3442,34,0.0435889034,RM de São Paulo,10,Grande São Paulo,10,11869660,1853286,152111,>5000,1,-23.5329,-46.6395,39
São Paulo,3550308,25,9,2020-09-25,288081,1219,2427.037,1043.8571429,12547,43,105.7065,34.1428571,0.0435537227,RM de São Paulo,10,Grande São Paulo,10,11869660,1853286,152111,>5000,1,-23.5329,-46.6395,39
São Paulo,3550308,26,9,2020-09-26,289185,1104,2436.338,995.4285714,12593,46,106.094,31,0.0435465187,RM de São Paulo,10,Grande São Paulo,10,11869660,1853286,152111,>5000,1,-23.5329,-46.6395,39
São Paulo,3550308,27,9,2020-09-27,289308,123,2437.374,972.8571429,12602,9,106.1698,31.7142857,0.0435591135,RM de São Paulo,10,Grande São Paulo,10,11869660,1853286,152111,>5000,1,-23.5329,-46.6395,40
São Paulo,3550308,28,9,2020-09-28,289466,158,2438.705,962.8571429,12605,3,106.1951,31.5714286,0.0435457014,RM de São Paulo,10,Grande São Paulo,10,11869660,1853286,152111,>5000,1,-23.5329,-46.6395,40
São Paulo,3550308,29,9,2020-09-29,290839,1373,2450.272,941,12666,61,106.709,34,0.0435498678,RM de São Paulo,10,Grande São Paulo,10,11869660,1853286,152111,>5000,1,-23.5329,-46.6395,40
São Paulo,3550308,30,9,2020-09-30,292067,1228,2460.618,941.7142857,12730,64,107.2482,36,0.0435858895,RM de São Paulo,10,Grande São Paulo,10,11869660,1853286,152111,>5000,1,-23.5329,-46.6395,40
São Paulo,3550308,1,10,2020-10-01,293210,1143,2470.248,906.8571429,12797,67,107.8127,41.8571429,0.0436444869,RM de São Paulo,10,Grande São Paulo,10,11869660,1853286,152111,>5000,1,-23.5329,-46.6395,40
São Paulo,3550308,2,10,2020-10-02,294135,925,2478.041,864.8571429,12840,43,108.175,41.8571429,0.0436534244,RM de São Paulo,10,Grande São Paulo,10,11869660,1853286,152111,>5000,1,-23.5329,-46.6395,40
São Paulo,3550308,3,10,2020-10-03,295234,1099,2487.3,864.1428571,12891,51,108.6046,42.5714286,0.0436636702,RM de São Paulo,10,Grande São Paulo,10,11869660,1853286,152111,>5000,1,-23.5329,-46.6395,40
São Paulo,3550308,4,10,2020-10-04,295301,67,2487.864,856.1428571,12899,8,108.672,42.4285714,0.0436808545,RM de São Paulo,10,Grande São Paulo,10,11869660,1853286,152111,>5000,1,-23.5329,-46.6395,41
São Paulo,3550308,5,10,2020-10-05,295425,124,2488.909,851.2857143,12916,17,108.8152,44.4285714,0.0437200643,RM de São Paulo,10,Grande São Paulo,10,11869660,1853286,152111,>5000,1,-23.5329,-46.6395,41
São Paulo,3550308,6,10,2020-10-06,296593,1168,2498.749,822,12962,46,109.2028,42.2857143,0.0437029869,RM de São Paulo,10,Grande São Paulo,10,11869660,1853286,152111,>5000,1,-23.5329,-46.6395,41
São Paulo,3550308,7,10,2020-10-07,297583,990,2507.09,788,13005,43,109.5651,39.2857143,0.0437020932,RM de São Paulo,10,Grande São Paulo,10,11869660,1853286,152111,>5000,1,-23.5329,-46.6395,41
São Paulo,3550308,8,10,2020-10-08,298405,822,2514.015,742.1428571,13056,51,109.9947,37,0.0437526181,RM de São Paulo,10,Grande São Paulo,10,11869660,1853286,152111,>5000,1,-23.5329,-46.6395,41
São Paulo,3550308,9,10,2020-10-09,299277,872,2521.361,734.5714286,13094,38,110.3149,36.2857143,0.0437521092,RM de São Paulo,10,Grande São Paulo,10,11869660,1853286,152111,>5000,1,-23.5329,-46.6395,41
São Paulo,3550308,10,10,2020-10-10,300487,1210,2531.555,750.4285714,13124,30,110.5676,33.2857143,0.0436757663,RM de São Paulo,10,Grande São Paulo,10,11869660,1853286,152111,>5000,1,-23.5329,-46.6395,41
São Paulo,3550308,11,10,2020-10-11,300905,418,2535.077,800.5714286,13128,4,110.6013,32.7142857,0.0436283877,RM de São Paulo,10,Grande São Paulo,10,11869660,1853286,152111,>5000,1,-23.5329,-46.6395,42
São Paulo,3550308,12,10,2020-10-12,301021,116,2536.054,799.4285714,13134,6,110.6519,31.1428571,0.0436315074,RM de São Paulo,10,Grande São Paulo,10,11869660,1853286,152111,>5000,1,-23.5329,-46.6395,42
São Paulo,3550308,13,10,2020-10-13,301209,188,2537.638,659.4285714,13142,8,110.7193,25.7142857,0.0436308344,RM de São Paulo,10,Grande São Paulo,10,11869660,1853286,152111,>5000,1,-23.5329,-46.6395,42
São Paulo,3550308,14,10,2020-10-14,302223,1014,2546.181,662.8571429,13196,54,111.1742,27.2857143,0.0436631229,RM de São Paulo,10,Grande São Paulo,10,11869660,1853286,152111,>5000,1,-23.5329,-46.6395,42
São Paulo,3550308,15,10,2020-10-15,303298,1075,2555.237,699,13218,22,111.3596,23.1428571,0.0435809006,RM de São Paulo,10,Grande São Paulo,10,11869660,1853286,152111,>5000,1,-23.5329,-46.6395,42
São Paulo,3550308,16,10,2020-10-16,304364,1066,2564.218,726.7142857,13265,47,111.7555,24.4285714,0.0435826839,RM de São Paulo,10,Grande São Paulo,10,11869660,1853286,152111,>5000,1,-23.5329,-46.6395,42
São Paulo,3550308,17,10,2020-10-17,305379,1015,2572.77,698.8571429,13283,18,111.9072,22.7142857,0.0434967696,RM de São Paulo,10,Grande São Paulo,10,11869660,1853286,152111,>5000,1,-23.5329,-46.6395,42
São Paulo,3550308,18,10,2020-10-18,305471,92,2573.545,652.2857143,13290,7,111.9661,23.1428571,0.0435065849,RM de São Paulo,10,Grande São Paulo,10,11869660,1853286,152111,>5000,1,-23.5329,-46.6395,43
São Paulo,3550308,19,10,2020-10-19,305540,69,2574.126,645.5714286,13294,4,111.9998,22.8571429,0.0435098514,RM de São Paulo,10,Grande São Paulo,10,11869660,1853286,152111,>5000,1,-23.5329,-46.6395,43
São Paulo,3550308,20,10,2020-10-20,306428,888,2581.607,745.5714286,13337,43,112.3621,27.8571429,0.0435240905,RM de São Paulo,10,Grande São Paulo,10,11869660,1853286,152111,>5000,1,-23.5329,-46.6395,43
São Paulo,3550308,21,10,2020-10-21,307230,802,2588.364,715.2857143,13358,21,112.539,23.1428571,0.0434788269,RM de São Paulo,10,Grande São Paulo,10,11869660,1853286,152111,>5000,1,-23.5329,-46.6395,43
São Paulo,3550308,22,10,2020-10-22,308077,847,2595.5,682.7142857,13376,18,112.6907,22.5714286,0.043417717,RM de São Paulo,10,Grande São Paulo,10,11869660,1853286,152111,>5000,1,-23.5329,-46.6395,43
São Paulo,3550308,23,10,2020-10-23,309507,1430,2607.547,734.7142857,13395,19,112.8507,18.5714286,0.0432785042,RM de São Paulo,10,Grande São Paulo,10,11869660,1853286,152111,>5000,1,-23.5329,-46.6395,43
São Paulo,3550308,24,10,2020-10-24,310693,1186,2617.539,759.1428571,13427,32,113.1203,20.5714286,0.0432162939,RM de São Paulo,10,Grande São Paulo,10,11869660,1853286,152111,>5000,1,-23.5329,-46.6395,43
São Paulo,3550308,25,10,2020-10-25,311116,423,2621.103,806.4285714,13431,4,113.154,20.1428571,0.043170393,RM de São Paulo,10,Grande São Paulo,10,11869660,1853286,152111,>5000,1,-23.5329,-46.6395,44
São Paulo,3550308,26,10,2020-10-26,311301,185,2622.661,823,13432,1,113.1625,19.7142857,0.0431479501,RM de São Paulo,10,Grande São Paulo,10,11869660,1853286,152111,>5000,1,-23.5329,-46.6395,44
São Paulo,3550308,27,10,2020-10-27,312632,1331,2633.875,886.2857143,13451,19,113.3225,16.2857143,0.0430250262,RM de São Paulo,10,Grande São Paulo,10,11869660,1853286,152111,>5000,1,-23.5329,-46.6395,44
São Paulo,3550308,28,10,2020-10-28,313720,1088,2643.041,927.1428571,13497,46,113.7101,19.8571429,0.0430224404,RM de São Paulo,10,Grande São Paulo,10,11869660,1853286,152111,>5000,1,-23.5329,-46.6395,44
São Paulo,3550308,29,10,2020-10-29,315009,1289,2653.901,990.2857143,13533,36,114.0134,22.4285714,0.0429606773,RM de São Paulo,10,Grande São Paulo,10,11869660,1853286,152111,>5000,1,-23.5329,-46.6395,44
São Paulo,3550308,30,10,2020-10-30,316265,1256,2664.482,965.4285714,13581,48,114.4178,26.5714286,0.0429418368,RM de São Paulo,10,Grande São Paulo,10,11869660,1853286,152111,>5000,1,-23.5329,-46.6395,44
São Paulo,3550308,31,10,2020-10-31,316970,705,2670.422,896.7142857,13597,16,114.5526,24.2857143,0.0428968041,RM de São Paulo,10,Grande São Paulo,10,11869660,1853286,152111,>5000,1,-23.5329,-46.6395,44
São Paulo,3550308,1,11,2020-11-01,317215,245,2672.486,871.2857143,13600,3,114.5778,24.1428571,0.0428731302,RM de São Paulo,10,Grande São Paulo,10,11869660,1853286,152111,>5000,1,-23.5329,-46.6395,45
São Paulo,3550308,2,11,2020-11-02,317346,131,2673.59,863.5714286,13605,5,114.62,24.7142857,0.0428711879,RM de São Paulo,10,Grande São Paulo,10,11869660,1853286,152111,>5000,1,-23.5329,-46.6395,45
São Paulo,3550308,3,11,2020-11-03,317533,187,2675.165,700.1428571,13606,1,114.6284,22.1428571,0.0428490897,RM de São Paulo,10,Grande São Paulo,10,11869660,1853286,152111,>5000,1,-23.5329,-46.6395,45
São Paulo,3550308,4,11,2020-11-04,318533,1000,2683.59,687.5714286,13660,54,115.0833,23.2857143,0.0428840968,RM de São Paulo,10,Grande São Paulo,10,11869660,1853286,152111,>5000,1,-23.5329,-46.6395,45
São Paulo,3550308,5,11,2020-11-05,319156,623,2688.839,592.4285714,13715,55,115.5467,26,0.0429727155,RM de São Paulo,10,Grande São Paulo,10,11869660,1853286,152111,>5000,1,-23.5329,-46.6395,45
São Paulo,3550308,6,11,2020-11-06,319156,0,2688.839,413,13715,0,115.5467,19.1428571,0.0429727155,RM de São Paulo,10,Grande São Paulo,10,11869660,1853286,152111,>5000,1,-23.5329,-46.6395,45
São Paulo,3550308,7,11,2020-11-07,319156,0,2688.839,312.2857143,13715,0,115.5467,16.8571429,0.0429727155,RM de São Paulo,10,Grande São Paulo,10,11869660,1853286,152111,>5000,1,-23.5329,-46.6395,45
São Paulo,3550308,8,11,2020-11-08,319156,0,2688.839,277.2857143,13715,0,115.5467,16.4285714,0.0429727155,RM de São Paulo,10,Grande São Paulo,10,11869660,1853286,152111,>5000,1,-23.5329,-46.6395,46
São Paulo,3550308,9,11,2020-11-09,319156,0,2688.839,258.5714286,13715,0,115.5467,15.7142857,0.0429727155,RM de São Paulo,10,Grande São Paulo,10,11869660,1853286,152111,>5000,1,-23.5329,-46.6395,46
São Paulo,3550308,10,11,2020-11-10,324462,5306,2733.541,989.8571429,13715,0,115.5467,15.5714286,0.0422699731,RM de São Paulo,10,Grande São Paulo,10,11869660,1853286,152111,>5000,1,-23.5329,-46.6395,46
São Paulo,3550308,11,11,2020-11-11,325408,946,2741.511,982.1428571,13767,52,115.9848,15.2857143,0.0423068886,RM de São Paulo,10,Grande São Paulo,10,11869660,1853286,152111,>5000,1,-23.5329,-46.6395,46
São Paulo,3550308,12,11,2020-11-12,327185,1777,2756.482,1147,13840,73,116.5998,17.8571429,0.0423002277,RM de São Paulo,10,Grande São Paulo,10,11869660,1853286,152111,>5000,1,-23.5329,-46.6395,46
São Paulo,3550308,13,11,2020-11-13,328953,1768,2771.377,1399.5714286,13840,0,116.5998,17.8571429,0.0420728797,RM de São Paulo,10,Grande São Paulo,10,11869660,1853286,152111,>5000,1,-23.5329,-46.6395,46
São Paulo,3550308,14,11,2020-11-14,330266,1313,2782.439,1587.1428571,13949,109,117.5181,33.4285714,0.0422356525,RM de São Paulo,10,Grande São Paulo,10,11869660,1853286,152111,>5000,1,-23.5329,-46.6395,46
São Paulo,3550308,15,11,2020-11-15,330566,300,2784.966,1630,13952,3,117.5434,33.8571429,0.0422063975,RM de São Paulo,10,Grande São Paulo,10,11869660,1853286,152111,>5000,1,-23.5329,-46.6395,47
São Paulo,3550308,16,11,2020-11-16,330753,187,2786.541,1656.7142857,13958,6,117.5939,34.7142857,0.0422006754,RM de São Paulo,10,Grande São Paulo,10,11869660,1853286,152111,>5000,1,-23.5329,-46.6395,47
São Paulo,3550308,17,11,2020-11-17,333009,2256,2805.548,1221,14007,49,118.0067,41.7142857,0.0420619263,RM de São Paulo,10,Grande São Paulo,10,11869660,1853286,152111,>5000,1,-23.5329,-46.6395,47
São Paulo,3550308,18,11,2020-11-18,334733,1724,2820.072,1332.1428571,14067,60,118.5122,42.8571429,0.042024539,RM de São Paulo,10,Grande São Paulo,10,11869660,1853286,152111,>5000,1,-23.5329,-46.6395,47
São Paulo,3550308,19,11,2020-11-19,336703,1970,2836.669,1359.7142857,14101,34,118.7987,37.2857143,0.0418796387,RM de São Paulo,10,Grande São Paulo,10,11869660,1853286,152111,>5000,1,-23.5329,-46.6395,47
São Paulo,3550308,20,11,2020-11-20,338989,2286,2855.928,1433.7142857,14140,39,119.1273,42.8571429,0.0417122679,RM de São Paulo,10,Grande São Paulo,10,11869660,1853286,152111,>5000,1,-23.5329,-46.6395,47
São Paulo,3550308,21,11,2020-11-21,340537,1548,2868.97,1467.2857143,14169,29,119.3716,31.4285714,0.0416078135,RM de São Paulo,10,Grande São Paulo,10,11869660,1853286,152111,>5000,1,-23.5329,-46.6395,47
São Paulo,3550308,22,11,2020-11-22,341035,498,2873.166,1495.5714286,14175,6,119.4221,31.8571429,0.0415646488,RM de São Paulo,10,Grande São Paulo,10,11869660,1853286,152111,>5000,1,-23.5329,-46.6395,48
São Paulo,3550308,23,11,2020-11-23,341340,305,2875.735,1512.4285714,14179,4,119.4558,31.5714286,0.0415392277,RM de São Paulo,10,Grande São Paulo,10,11869660,1853286,152111,>5000,1,-23.5329,-46.6395,48
São Paulo,3550308,24,11,2020-11-24,342822,1482,2888.221,1401.8571429,14216,37,119.7675,29.8571429,0.0414675838,RM de São Paulo,10,Grande São Paulo,10,11869660,1853286,152111,>5000,1,-23.5329,-46.6395,48
São Paulo,3550308,25,11,2020-11-25,345445,2623,2910.319,1530.2857143,14261,45,120.1467,27.7142857,0.0412829828,RM de São Paulo,10,Grande São Paulo,10,11869660,1853286,152111,>5000,1,-23.5329,-46.6395,48
São Paulo,3550308,26,11,2020-11-26,346655,1210,2920.513,1421.7142857,14308,47,120.5426,29.5714286,0.041274466,RM de São Paulo,10,Grande São Paulo,10,11869660,1853286,152111,>5000,1,-23.5329,-46.6395,48
São Paulo,3550308,27,11,2020-11-27,347625,970,2928.685,1233.7142857,14340,32,120.8122,28.5714286,0.0412513484,RM de São Paulo,10,Grande São Paulo,10,11869660,1853286,152111,>5000,1,-23.5329,-46.6395,48
São Paulo,3550308,28,11,2020-11-28,349033,1408,2940.548,1213.7142857,14384,44,121.1829,30.7142857,0.041211003,RM de São Paulo,10,Grande São Paulo,10,11869660,1853286,152111,>5000,1,-23.5329,-46.6395,48
São Paulo,3550308,29,11,2020-11-29,349622,589,2945.51,1226.7142857,14394,10,121.2672,31.2857143,0.0411701781,RM de São Paulo,10,Grande São Paulo,10,11869660,1853286,152111,>5000,1,-23.5329,-46.6395,49
São Paulo,3550308,30,11,2020-11-30,349912,290,2947.953,1224.5714286,14401,7,121.3261,31.7142857,0.0411560621,RM de São Paulo,10,Grande São Paulo,10,11869660,1853286,152111,>5000,1,-23.5329,-46.6395,49
São Paulo,3550308,1,12,2020-12-01,352144,2232,2966.757,1331.7142857,14470,69,121.9075,36.2857143,0.0410911445,RM de São Paulo,10,Grande São Paulo,10,11869660,1853286,152111,>5000,1,-23.5329,-46.6395,49
São Paulo,3550308,2,12,2020-12-02,354203,2059,2984.104,1251.1428571,14518,48,122.3118,36.7142857,0.0409877951,RM de São Paulo,10,Grande São Paulo,10,11869660,1853286,152111,>5000,1,-23.5329,-46.6395,49
São Paulo,3550308,3,12,2020-12-03,356278,2075,3001.586,1374.7142857,14602,84,123.0195,42,0.0409848489,RM de São Paulo,10,Grande São Paulo,10,11869660,1853286,152111,>5000,1,-23.5329,-46.6395,49
São Paulo,3550308,4,12,2020-12-04,358390,2112,3019.379,1537.8571429,14637,35,123.3144,42.4285714,0.0408409833,RM de São Paulo,10,Grande São Paulo,10,11869660,1853286,152111,>5000,1,-23.5329,-46.6395,49
São Paulo,3550308,5,12,2020-12-05,360539,2149,3037.484,1643.7142857,14693,56,123.7862,44.1428571,0.0407528728,RM de São Paulo,10,Grande São Paulo,10,11869660,1853286,152111,>5000,1,-23.5329,-46.6395,49
São Paulo,3550308,6,12,2020-12-06,361182,643,3042.901,1651.4285714,14698,5,123.8283,43.4285714,0.0406941653,RM de São Paulo,10,Grande São Paulo,10,11869660,1853286,152111,>5000,1,-23.5329,-46.6395,50
São Paulo,3550308,7,12,2020-12-07,361450,268,3045.159,1648.2857143,14705,7,123.8873,43.4285714,0.0406833587,RM de São Paulo,10,Grande São Paulo,10,11869660,1853286,152111,>5000,1,-23.5329,-46.6395,50
São Paulo,3550308,8,12,2020-12-08,363495,2045,3062.388,1621.5714286,14761,56,124.3591,41.5714286,0.0406085366,RM de São Paulo,10,Grande São Paulo,10,11869660,1853286,152111,>5000,1,-23.5329,-46.6395,50
São Paulo,3550308,9,12,2020-12-09,365670,2175,3080.712,1638.1428571,14805,44,124.7298,41,0.0404873246,RM de São Paulo,10,Grande São Paulo,10,11869660,1853286,152111,>5000,1,-23.5329,-46.6395,50
São Paulo,3550308,10,12,2020-12-10,367666,1996,3097.528,1626.8571429,14868,63,125.2605,38,0.0404388766,RM de São Paulo,10,Grande São Paulo,10,11869660,1853286,152111,>5000,1,-23.5329,-46.6395,50
São Paulo,3550308,11,12,2020-12-11,369620,1954,3113.99,1604.2857143,14906,38,125.5807,38.4285714,0.0403279043,RM de São Paulo,10,Grande São Paulo,10,11869660,1853286,152111,>5000,1,-23.5329,-46.6395,50
São Paulo,3550308,12,12,2020-12-12,371468,1848,3129.559,1561.2857143,14944,38,125.9008,35.8571429,0.0402295756,RM de São Paulo,10,Grande São Paulo,10,11869660,1853286,152111,>5000,1,-23.5329,-46.6395,50
São Paulo,3550308,13,12,2020-12-13,371669,201,3131.252,1498.1428571,14968,24,126.103,38.5714286,0.0402723929,RM de São Paulo,10,Grande São Paulo,10,11869660,1853286,152111,>5000,1,-23.5329,-46.6395,51
São Paulo,3550308,14,12,2020-12-14,371959,290,3133.695,1501.2857143,14984,16,126.2378,39.8571429,0.0402840098,RM de São Paulo,10,Grande São Paulo,10,11869660,1853286,152111,>5000,1,-23.5329,-46.6395,51
São Paulo,3550308,15,12,2020-12-15,372875,916,3141.413,1340,15054,70,126.8276,41.8571429,0.0403727791,RM de São Paulo,10,Grande São Paulo,10,11869660,1853286,152111,>5000,1,-23.5329,-46.6395,51
São Paulo,3550308,16,12,2020-12-16,372875,0,3141.413,1029.2857143,15054,0,126.8276,35.5714286,0.0403727791,RM de São Paulo,10,Grande São Paulo,10,11869660,1853286,152111,>5000,1,-23.5329,-46.6395,51
São Paulo,3550308,17,12,2020-12-17,377507,4632,3180.437,1405.8571429,15175,121,127.847,43.8571429,0.0401979301,RM de São Paulo,10,Grande São Paulo,10,11869660,1853286,152111,>5000,1,-23.5329,-46.6395,51
São Paulo,3550308,18,12,2020-12-18,379532,2025,3197.497,1416,15223,48,128.2514,45.2857143,0.0401099249,RM de São Paulo,10,Grande São Paulo,10,11869660,1853286,152111,>5000,1,-23.5329,-46.6395,51
São Paulo,3550308,19,12,2020-12-19,382030,2498,3218.542,1508.8571429,15266,43,128.6136,46,0.0399602125,RM de São Paulo,10,Grande São Paulo,10,11869660,1853286,152111,>5000,1,-23.5329,-46.6395,51
São Paulo,3550308,20,12,2020-12-20,382030,0,3218.542,1480.1428571,15266,0,128.6136,42.5714286,0.0399602125,RM de São Paulo,10,Grande São Paulo,10,11869660,1853286,152111,>5000,1,-23.5329,-46.6395,52
São Paulo,3550308,21,12,2020-12-21,382760,730,3224.692,1543,15280,14,128.7316,42.2857143,0.0399205769,RM de São Paulo,10,Grande São Paulo,10,11869660,1853286,152111,>5000,1,-23.5329,-46.6395,52
São Paulo,3550308,22,12,2020-12-22,385111,2351,3244.499,1748,15334,54,129.1865,40,0.0398170917,RM de São Paulo,10,Grande São Paulo,10,11869660,1853286,152111,>5000,1,-23.5329,-46.6395,52
São Paulo,3550308,23,12,2020-12-23,387524,2413,3264.828,2092.7142857,15384,50,129.6078,47.1428571,0.0396981864,RM de São Paulo,10,Grande São Paulo,10,11869660,1853286,152111,>5000,1,-23.5329,-46.6395,52
São Paulo,3550308,24,12,2020-12-24,389822,2298,3284.188,1759.2857143,15440,56,130.0795,37.8571429,0.039607821,RM de São Paulo,10,Grande São Paulo,10,11869660,1853286,152111,>5000,1,-23.5329,-46.6395,52
São Paulo,3550308,25,12,2020-12-25,390834,1012,3292.714,1614.5714286,15449,9,130.1554,32.2857143,0.0395282908,RM de São Paulo,10,Grande São Paulo,10,11869660,1853286,152111,>5000,1,-23.5329,-46.6395,52
São Paulo,3550308,26,12,2020-12-26,391257,423,3296.278,1318.1428571,15456,7,130.2143,27.1428571,0.0395034466,RM de São Paulo,10,Grande São Paulo,10,11869660,1853286,152111,>5000,1,-23.5329,-46.6395,52
São Paulo,3550308,27,12,2020-12-27,391917,660,3301.838,1412.4285714,15463,7,130.2733,28.1428571,0.0394547825,RM de São Paulo,10,Grande São Paulo,10,11869660,1853286,152111,>5000,1,-23.5329,-46.6395,53
São Paulo,3550308,28,12,2020-12-28,392401,484,3305.916,1377.2857143,15477,14,130.3913,28.1428571,0.0394417955,RM de São Paulo,10,Grande São Paulo,10,11869660,1853286,152111,>5000,1,-23.5329,-46.6395,53
São Paulo,3550308,29,12,2020-12-29,395846,3445,3334.94,1533.5714286,15541,64,130.9305,29.5714286,0.0392602174,RM de São Paulo,10,Grande São Paulo,10,11869660,1853286,152111,>5000,1,-23.5329,-46.6395,53
São Paulo,3550308,30,12,2020-12-30,399061,3215,3362.026,1648.1428571,15601,60,131.4359,31,0.0390942738,RM de São Paulo,10,Grande São Paulo,10,11869660,1853286,152111,>5000,1,-23.5329,-46.6395,53
São Paulo,3550308,31,12,2020-12-31,401718,2657,3384.41,1699.4285714,15679,78,132.0931,34.1428571,0.0390298667,RM de São Paulo,10,Grande São Paulo,10,11869660,1853286,152111,>5000,1,-23.5329,-46.6395,53
São Paulo,3550308,1,1,2021-01-01,402835,1117,3393.821,1714.4285714,15695,16,132.2279,35.1428571,0.0389613614,RM de São Paulo,10,Grande São Paulo,10,11869660,1853286,152111,>5000,1,-23.5329,-46.6395,NA
São Paulo,3550308,2,1,2021-01-02,403388,553,3398.48,1733,15716,21,132.4048,37.1428571,0.0389600087,RM de São Paulo,10,Grande São Paulo,10,11869660,1853286,152111,>5000,1,-23.5329,-46.6395,NA
São Paulo,3550308,3,1,2021-01-03,404025,637,3403.846,1729.7142857,15725,9,132.4806,37.4285714,0.0389208589,RM de São Paulo,10,Grande São Paulo,10,11869660,1853286,152111,>5000,1,-23.5329,-46.6395,NA
São Paulo,3550308,4,1,2021-01-04,404576,551,3408.489,1739.2857143,15743,18,132.6323,38,0.0389123428,RM de São Paulo,10,Grande São Paulo,10,11869660,1853286,152111,>5000,1,-23.5329,-46.6395,NA
São Paulo,3550308,5,1,2021-01-05,407557,2981,3433.603,1673,15836,93,133.4158,42.1428571,0.0388559146,RM de São Paulo,10,Grande São Paulo,10,11869660,1853286,152111,>5000,1,-23.5329,-46.6395,NA
São Paulo,3550308,6,1,2021-01-06,410765,3208,3460.63,1672,15910,74,134.0392,44.1428571,0.0387326087,RM de São Paulo,10,Grande São Paulo,10,11869660,1853286,152111,>5000,1,-23.5329,-46.6395,NA
São Paulo,3550308,7,1,2021-01-07,413892,3127,3486.974,1739.1428571,15970,60,134.5447,41.5714286,0.0385849449,RM de São Paulo,10,Grande São Paulo,10,11869660,1853286,152111,>5000,1,-23.5329,-46.6395,NA
São Paulo,3550308,8,1,2021-01-08,417221,3329,3515.021,2055.1428571,16040,70,135.1345,49.2857143,0.038444853,RM de São Paulo,10,Grande São Paulo,10,11869660,1853286,152111,>5000,1,-23.5329,-46.6395,NA
São Paulo,3550308,9,1,2021-01-09,419996,2775,3538.4,2372.5714286,16113,73,135.7495,56.7142857,0.0383646511,RM de São Paulo,10,Grande São Paulo,10,11869660,1853286,152111,>5000,1,-23.5329,-46.6395,NA
São Paulo,3550308,10,1,2021-01-10,420939,943,3546.344,2416.2857143,16130,17,135.8927,57.8571429,0.0383190914,RM de São Paulo,10,Grande São Paulo,10,11869660,1853286,152111,>5000,1,-23.5329,-46.6395,NA
São Paulo,3550308,11,1,2021-01-11,421614,675,3552.031,2434,16142,12,135.9938,57,0.0382862049,RM de São Paulo,10,Grande São Paulo,10,11869660,1853286,152111,>5000,1,-23.5329,-46.6395,NA
São Paulo,3550308,12,1,2021-01-12,424252,2638,3574.256,2385,16208,66,136.5498,53.1428571,0.0382037091,RM de São Paulo,10,Grande São Paulo,10,11869660,1853286,152111,>5000,1,-23.5329,-46.6395,NA
São Paulo,3550308,13,1,2021-01-13,427832,3580,3604.417,2438.1428571,16291,83,137.2491,54.4285714,0.0380780306,RM de São Paulo,10,Grande São Paulo,10,11869660,1853286,152111,>5000,1,-23.5329,-46.6395,NA
São Paulo,3550308,14,1,2021-01-14,430702,2870,3628.596,2401.4285714,16388,97,138.0663,59.7142857,0.0380495099,RM de São Paulo,10,Grande São Paulo,10,11869660,1853286,152111,>5000,1,-23.5329,-46.6395,NA
São Paulo,3550308,15,1,2021-01-15,434168,3466,3657.796,2421,16486,98,138.8919,63.7142857,0.0379714765,RM de São Paulo,10,Grande São Paulo,10,11869660,1853286,152111,>5000,1,-23.5329,-46.6395,NA
São Paulo,3550308,16,1,2021-01-16,437229,3061,3683.585,2461.8571429,16561,75,139.5238,64,0.0378771765,RM de São Paulo,10,Grande São Paulo,10,11869660,1853286,152111,>5000,1,-23.5329,-46.6395,NA
São Paulo,3550308,17,1,2021-01-17,438369,1140,3693.189,2490,16580,19,139.6839,64.2857143,0.0378220175,RM de São Paulo,10,Grande São Paulo,10,11869660,1853286,152111,>5000,1,-23.5329,-46.6395,NA
São Paulo,3550308,18,1,2021-01-18,439011,642,3698.598,2485.2857143,16592,12,139.785,64.2857143,0.0377940416,RM de São Paulo,10,Grande São Paulo,10,11869660,1853286,152111,>5000,1,-23.5329,-46.6395,NA
São Paulo,3550308,19,1,2021-01-19,442477,3466,3727.798,2603.5714286,16667,75,140.4168,65.5714286,0.0376674946,RM de São Paulo,10,Grande São Paulo,10,11869660,1853286,152111,>5000,1,-23.5329,-46.6395,NA
São Paulo,3550308,20,1,2021-01-20,445876,3399,3756.434,2577.7142857,16772,105,141.3014,68.7142857,0.0376158394,RM de São Paulo,10,Grande São Paulo,10,11869660,1853286,152111,>5000,1,-23.5329,-46.6395,NA
São Paulo,3550308,21,1,2021-01-21,448744,2868,3780.597,2577.4285714,16855,83,142.0007,66.7142857,0.0375603908,RM de São Paulo,10,Grande São Paulo,10,11869660,1853286,152111,>5000,1,-23.5329,-46.6395,NA
São Paulo,3550308,22,1,2021-01-22,450460,1716,3795.054,2327.4285714,16915,60,142.5062,61.2857143,0.0375505039,RM de São Paulo,10,Grande São Paulo,10,11869660,1853286,152111,>5000,1,-23.5329,-46.6395,NA
São Paulo,3550308,23,1,2021-01-23,453461,3001,3820.337,2318.8571429,16976,61,143.0201,59.2857143,0.037436516,RM de São Paulo,10,Grande São Paulo,10,11869660,1853286,152111,>5000,1,-23.5329,-46.6395,NA
São Paulo,3550308,24,1,2021-01-24,454355,894,3827.869,2283.7142857,16988,12,143.1212,58.2857143,0.0373892661,RM de São Paulo,10,Grande São Paulo,10,11869660,1853286,152111,>5000,1,-23.5329,-46.6395,NA
São Paulo,3550308,25,1,2021-01-25,454900,545,3832.46,2269.8571429,17004,16,143.256,58.8571429,0.0373796439,RM de São Paulo,10,Grande São Paulo,10,11869660,1853286,152111,>5000,1,-23.5329,-46.6395,NA
São Paulo,3550308,26,1,2021-01-26,456067,1167,3842.292,1941.4285714,17023,19,143.4161,50.8571429,0.0373256561,RM de São Paulo,10,Grande São Paulo,10,11869660,1853286,152111,>5000,1,-23.5329,-46.6395,NA
São Paulo,3550308,27,1,2021-01-27,459360,3293,3870.035,1926.2857143,17131,108,144.326,51.2857143,0.0372931905,RM de São Paulo,10,Grande São Paulo,10,11869660,1853286,152111,>5000,1,-23.5329,-46.6395,NA
São Paulo,3550308,28,1,2021-01-28,462905,3545,3899.901,2023,17199,68,144.8988,49.1428571,0.0371544917,RM de São Paulo,10,Grande São Paulo,10,11869660,1853286,152111,>5000,1,-23.5329,-46.6395,NA
São Paulo,3550308,29,1,2021-01-29,466172,3267,3927.425,2244.5714286,17250,51,145.3285,47.8571429,0.0370035094,RM de São Paulo,10,Grande São Paulo,10,11869660,1853286,152111,>5000,1,-23.5329,-46.6395,NA
São Paulo,3550308,30,1,2021-01-30,468893,2721,3950.349,2204.5714286,17309,59,145.8256,47.5714286,0.0369146053,RM de São Paulo,10,Grande São Paulo,10,11869660,1853286,152111,>5000,1,-23.5329,-46.6395,NA
São Paulo,3550308,31,1,2021-01-31,469657,764,3956.786,2186,17333,24,146.0278,49.2857143,0.0369056567,RM de São Paulo,10,Grande São Paulo,10,11869660,1853286,152111,>5000,1,-23.5329,-46.6395,NA
São Paulo,3550308,1,2,2021-02-01,470125,468,3960.728,2175,17341,8,146.0952,48.1428571,0.0368859346,RM de São Paulo,10,Grande São Paulo,10,11869660,1853286,152111,>5000,1,-23.5329,-46.6395,NA
São Paulo,3550308,2,2,2021-02-02,473263,3138,3987.166,2456.5714286,17412,71,146.6933,55.5714286,0.0367913824,RM de São Paulo,10,Grande São Paulo,10,11869660,1853286,152111,>5000,1,-23.5329,-46.6395,NA
São Paulo,3550308,3,2,2021-02-03,476299,3036,4012.743,2419.8571429,17474,62,147.2157,49,0.036687039,RM de São Paulo,10,Grande São Paulo,10,11869660,1853286,152111,>5000,1,-23.5329,-46.6395,NA
São Paulo,3550308,4,2,2021-02-04,479512,3213,4039.812,2372.4285714,17523,49,147.6285,46.2857143,0.0365434025,RM de São Paulo,10,Grande São Paulo,10,11869660,1853286,152111,>5000,1,-23.5329,-46.6395,NA
São Paulo,3550308,5,2,2021-02-05,481934,2422,4060.217,2251.7142857,17583,60,148.134,47.5714286,0.0364842489,RM de São Paulo,10,Grande São Paulo,10,11869660,1853286,152111,>5000,1,-23.5329,-46.6395,NA
São Paulo,3550308,6,2,2021-02-06,484353,2419,4080.597,2208.5714286,17632,49,148.5468,46.1428571,0.0364032018,RM de São Paulo,10,Grande São Paulo,10,11869660,1853286,152111,>5000,1,-23.5329,-46.6395,NA
São Paulo,3550308,7,2,2021-02-07,485155,802,4087.354,2214,17650,18,148.6984,45.2857143,0.0363801259,RM de São Paulo,10,Grande São Paulo,10,11869660,1853286,152111,>5000,1,-23.5329,-46.6395,NA
São Paulo,3550308,8,2,2021-02-08,485709,554,4092.021,2226.2857143,17666,16,148.8332,46.4285714,0.0363715723,RM de São Paulo,10,Grande São Paulo,10,11869660,1853286,152111,>5000,1,-23.5329,-46.6395,NA
São Paulo,3550308,9,2,2021-02-09,488446,2737,4115.08,2169,17759,93,149.6168,49.5714286,0.0363581645,RM de São Paulo,10,Grande São Paulo,10,11869660,1853286,152111,>5000,1,-23.5329,-46.6395,NA
São Paulo,3550308,10,2,2021-02-10,491256,2810,4138.754,2136.7142857,17822,63,150.1475,49.7142857,0.0362784373,RM de São Paulo,10,Grande São Paulo,10,11869660,1853286,152111,>5000,1,-23.5329,-46.6395,NA
São Paulo,3550308,11,2,2021-02-11,493409,2153,4156.892,1985.2857143,17893,71,150.7457,52.8571429,0.0362640325,RM de São Paulo,10,Grande São Paulo,10,11869660,1853286,152111,>5000,1,-23.5329,-46.6395,NA
São Paulo,3550308,12,2,2021-02-12,495938,2529,4178.199,2000.5714286,17954,61,151.2596,53,0.0362021059,RM de São Paulo,10,Grande São Paulo,10,11869660,1853286,152111,>5000,1,-23.5329,-46.6395,NA
São Paulo,3550308,13,2,2021-02-13,498141,2203,4196.759,1969.7142857,17982,28,151.4955,50,0.0360982132,RM de São Paulo,10,Grande São Paulo,10,11869660,1853286,152111,>5000,1,-23.5329,-46.6395,NA
São Paulo,3550308,14,2,2021-02-14,498726,585,4201.687,1938.7142857,18000,18,151.6471,50,0.0360919623,RM de São Paulo,10,Grande São Paulo,10,11869660,1853286,152111,>5000,1,-23.5329,-46.6395,NA
São Paulo,3550308,15,2,2021-02-15,499278,552,4206.338,1938.4285714,18010,10,151.7314,49.1428571,0.0360720881,RM de São Paulo,10,Grande São Paulo,10,11869660,1853286,152111,>5000,1,-23.5329,-46.6395,NA
São Paulo,3550308,16,2,2021-02-16,501625,2347,4226.111,1882.7142857,18081,71,152.3296,46,0.0360448542,RM de São Paulo,10,Grande São Paulo,10,11869660,1853286,152111,>5000,1,-23.5329,-46.6395,NA
São Paulo,3550308,17,2,2021-02-17,504310,2685,4248.732,1864.8571429,18144,63,152.8603,46,0.0359778708,RM de São Paulo,10,Grande São Paulo,10,11869660,1853286,152111,>5000,1,-23.5329,-46.6395,NA
São Paulo,3550308,18,2,2021-02-18,506805,2495,4269.752,1913.7142857,18192,48,153.2647,42.7142857,0.0358954628,RM de São Paulo,10,Grande São Paulo,10,11869660,1853286,152111,>5000,1,-23.5329,-46.6395,NA
São Paulo,3550308,19,2,2021-02-19,508944,2139,4287.772,1858,18236,44,153.6354,40.2857143,0.0358310541,RM de São Paulo,10,Grande São Paulo,10,11869660,1853286,152111,>5000,1,-23.5329,-46.6395,NA
São Paulo,3550308,20,2,2021-02-20,511095,2151,4305.894,1850.5714286,18286,50,154.0566,43.4285714,0.0357780843,RM de São Paulo,10,Grande São Paulo,10,11869660,1853286,152111,>5000,1,-23.5329,-46.6395,NA
São Paulo,3550308,21,2,2021-02-21,511924,829,4312.878,1885.4285714,18306,20,154.2251,43.7142857,0.0357592143,RM de São Paulo,10,Grande São Paulo,10,11869660,1853286,152111,>5000,1,-23.5329,-46.6395,NA
São Paulo,3550308,22,2,2021-02-22,512631,707,4318.835,1907.5714286,18321,15,154.3515,44.4285714,0.0357391574,RM de São Paulo,10,Grande São Paulo,10,11869660,1853286,152111,>5000,1,-23.5329,-46.6395,NA
São Paulo,3550308,23,2,2021-02-23,514913,2282,4338.06,1898.2857143,18391,70,154.9413,44.2857143,0.0357167133,RM de São Paulo,10,Grande São Paulo,10,11869660,1853286,152111,>5000,1,-23.5329,-46.6395,NA
São Paulo,3550308,24,2,2021-02-24,517362,2449,4358.693,1864.5714286,18469,78,155.5984,46.4285714,0.0356984085,RM de São Paulo,10,Grande São Paulo,10,11869660,1853286,152111,>5000,1,-23.5329,-46.6395,NA
São Paulo,3550308,25,2,2021-02-25,519954,2592,4380.53,1878.4285714,18529,60,156.1039,48.1428571,0.0356358447,RM de São Paulo,10,Grande São Paulo,10,11869660,1853286,152111,>5000,1,-23.5329,-46.6395,NA
São Paulo,3550308,26,2,2021-02-26,522087,2133,4398.5,1877.5714286,18573,44,156.4746,48.1428571,0.0355745307,RM de São Paulo,10,Grande São Paulo,10,11869660,1853286,152111,>5000,1,-23.5329,-46.6395,NA
São Paulo,3550308,27,2,2021-02-27,524001,1914,4414.625,1843.7142857,18623,50,156.8958,48.1428571,0.0355400085,RM de São Paulo,10,Grande São Paulo,10,11869660,1853286,152111,>5000,1,-23.5329,-46.6395,NA
São Paulo,3550308,28,2,2021-02-28,524858,857,4421.845,1847.7142857,18642,19,157.0559,48,0.0355181783,RM de São Paulo,10,Grande São Paulo,10,11869660,1853286,152111,>5000,1,-23.5329,-46.6395,NA
São Paulo,3550308,1,3,2021-03-01,525595,737,4428.054,1852,18667,25,157.2665,49.4285714,0.0355159391,RM de São Paulo,10,Grande São Paulo,10,11869660,1853286,152111,>5000,1,-23.5329,-46.6395,NA
São Paulo,3550308,2,3,2021-03-02,527515,1920,4444.23,1800.2857143,18769,102,158.1258,54,0.0355800309,RM de São Paulo,10,Grande São Paulo,10,11869660,1853286,152111,>5000,1,-23.5329,-46.6395,NA
São Paulo,3550308,3,3,2021-03-03,530183,2668,4466.708,1831.5714286,18836,67,158.6903,52.4285714,0.0355273556,RM de São Paulo,10,Grande São Paulo,10,11869660,1853286,152111,>5000,1,-23.5329,-46.6395,NA
São Paulo,3550308,4,3,2021-03-04,532755,2572,4488.376,1828.7142857,18899,63,159.2211,52.8571429,0.0354740922,RM de São Paulo,10,Grande São Paulo,10,11869660,1853286,152111,>5000,1,-23.5329,-46.6395,NA
São Paulo,3550308,5,3,2021-03-05,535617,2862,4512.488,1932.8571429,18973,74,159.8445,57.1428571,0.0354226994,RM de São Paulo,10,Grande São Paulo,10,11869660,1853286,152111,>5000,1,-23.5329,-46.6395,NA
São Paulo,3550308,6,3,2021-03-06,538333,2716,4535.37,2047.4285714,19043,70,160.4343,60,0.0353740157,RM de São Paulo,10,Grande São Paulo,10,11869660,1853286,152111,>5000,1,-23.5329,-46.6395,NA
São Paulo,3550308,7,3,2021-03-07,539683,1350,4546.744,2117.8571429,19052,9,160.5101,58.5714286,0.0353022052,RM de São Paulo,10,Grande São Paulo,10,11869660,1853286,152111,>5000,1,-23.5329,-46.6395,NA
São Paulo,3550308,8,3,2021-03-08,540750,1067,4555.733,2165,19117,65,161.0577,64.2857143,0.0353527508,RM de São Paulo,10,Grande São Paulo,10,11869660,1853286,152111,>5000,1,-23.5329,-46.6395,NA
São Paulo,3550308,9,3,2021-03-09,544063,3313,4583.644,2364,19207,90,161.8159,62.5714286,0.0353028969,RM de São Paulo,10,Grande São Paulo,10,11869660,1853286,152111,>5000,1,-23.5329,-46.6395,NA
São Paulo,3550308,10,3,2021-03-10,547384,3321,4611.623,2457.2857143,19300,93,162.5994,66.2857143,0.0352586119,RM de São Paulo,10,Grande São Paulo,10,11869660,1853286,152111,>5000,1,-23.5329,-46.6395,NA
São Paulo,3550308,11,3,2021-03-11,550654,3270,4639.172,2557,19387,87,163.3324,69.7142857,0.0352072263,RM de São Paulo,10,Grande São Paulo,10,11869660,1853286,152111,>5000,1,-23.5329,-46.6395,NA
São Paulo,3550308,12,3,2021-03-12,553751,3097,4665.264,2590.5714286,19473,86,164.0569,71.4285714,0.035165625,RM de São Paulo,10,Grande São Paulo,10,11869660,1853286,152111,>5000,1,-23.5329,-46.6395,NA
São Paulo,3550308,13,3,2021-03-13,556869,3118,4691.533,2648,19566,93,164.8404,74.7142857,0.0351357321,RM de São Paulo,10,Grande São Paulo,10,11869660,1853286,152111,>5000,1,-23.5329,-46.6395,NA
São Paulo,3550308,14,3,2021-03-14,558514,1645,4705.392,2690.1428571,19600,34,165.1269,78.2857143,0.0350931221,RM de São Paulo,10,Grande São Paulo,10,11869660,1853286,152111,>5000,1,-23.5329,-46.6395,NA
São Paulo,3550308,15,3,2021-03-15,559817,1303,4716.369,2723.8571429,19635,35,165.4218,74,0.0350739617,RM de São Paulo,10,Grande São Paulo,10,11869660,1853286,152111,>5000,1,-23.5329,-46.6395,NA
São Paulo,3550308,16,3,2021-03-16,563646,3829,4748.628,2797.5714286,19789,154,166.7192,83.1428571,0.0351089159,RM de São Paulo,10,Grande São Paulo,10,11869660,1853286,152111,>5000,1,-23.5329,-46.6395,NA